geoid,total_pop,median_income,state,county,tract,name,b01003_001_moe,b19013_001_moe
06037101110,4014,68972,06,037,101110,"Los Angeles County, California",473.0,17023.0
06037101122,4164,118859,06,037,101122,"Los Angeles County, California",822.0,31445.0
06037101220,3481,65139,06,037,101220,"Los Angeles County, California",467.0,12289.0
06037101221,3756,53348,06,037,101221,"Los Angeles County, California",687.0,13611.0
06037101222,2808,36779,06,037,101222,"Los Angeles County, California",424.0,22089.0
06037101300,4071,121490,06,037,101300,"Los Angeles County, California",445.0,21762.0
06037101400,3490,85945,06,037,101400,"Los Angeles County, California",506.0,36189.0
06037102103,1834,65250,06,037,102103,"Los Angeles County, California",502.0,24560.0
06037102104,4033,106250,06,037,102104,"Los Angeles County, California",497.0,16141.0
06037102105,1610,92917,06,037,102105,"Los Angeles County, California",310.0,10457.0
06037102107,3577,97778,06,037,102107,"Los Angeles County, California",685.0,34205.0
06037103101,2726,125694,06,037,103101,"Los Angeles County, California",387.0,27793.0
06037103102,4550,84750,06,037,103102,"Los Angeles County, California",546.0,15144.0
06037103201,4291,84281,06,037,103201,"Los Angeles County, California",438.0,26923.0
06037103202,2010,112491,06,037,103202,"Los Angeles County, California",623.0,3997.0
06037103300,3816,133333,06,037,103300,"Los Angeles County, California",540.0,29211.0
06037103401,2391,96884,06,037,103401,"Los Angeles County, California",446.0,30471.0
06037103402,3829,113393,06,037,103402,"Los Angeles County, California",503.0,31876.0
06037104103,4281,107614,06,037,104103,"Los Angeles County, California",895.0,28047.0
06037104105,6195,58897,06,037,104105,"Los Angeles County, California",739.0,11098.0
06037104108,4962,62639,06,037,104108,"Los Angeles County, California",540.0,18507.0
06037104124,4006,76071,06,037,104124,"Los Angeles County, California",520.0,23295.0
06037104201,4636,93726,06,037,104201,"Los Angeles County, California",775.0,11145.0
06037104203,5182,65000,06,037,104203,"Los Angeles County, California",889.0,8210.0
06037104204,3691,75179,06,037,104204,"Los Angeles County, California",537.0,29522.0
06037104310,4392,87463,06,037,104310,"Los Angeles County, California",728.0,28929.0
06037104321,2890,36649,06,037,104321,"Los Angeles County, California",601.0,31791.0
06037104322,1787,72188,06,037,104322,"Los Angeles County, California",186.0,51848.0
06037104401,2977,69306,06,037,104401,"Los Angeles County, California",401.0,13243.0
06037104403,2352,89653,06,037,104403,"Los Angeles County, California",364.0,23388.0
06037104404,3323,80556,06,037,104404,"Los Angeles County, California",594.0,19402.0
06037104500,3301,71058,06,037,104500,"Los Angeles County, California",801.0,11897.0
06037104610,3122,84107,06,037,104610,"Los Angeles County, California",523.0,8742.0
06037104620,3528,81316,06,037,104620,"Los Angeles County, California",513.0,6911.0
06037104701,3891,49844,06,037,104701,"Los Angeles County, California",379.0,8425.0
06037104703,2298,48229,06,037,104703,"Los Angeles County, California",547.0,18835.0
06037104704,4567,56512,06,037,104704,"Los Angeles County, California",712.0,13025.0
06037104821,3431,69423,06,037,104821,"Los Angeles County, California",480.0,16888.0
06037104822,2461,48278,06,037,104822,"Los Angeles County, California",390.0,13894.0
06037104823,3362,81406,06,037,104823,"Los Angeles County, California",737.0,33565.0
06037104824,2657,88088,06,037,104824,"Los Angeles County, California",1174.0,32890.0
06037106010,3578,125556,06,037,106010,"Los Angeles County, California",694.0,20847.0
06037106020,4576,115282,06,037,106020,"Los Angeles County, California",912.0,25041.0
06037106111,4859,124375,06,037,106111,"Los Angeles County, California",785.0,28253.0
06037106112,5125,109333,06,037,106112,"Los Angeles County, California",595.0,19054.0
06037106113,3871,111861,06,037,106113,"Los Angeles County, California",495.0,16804.0
06037106114,6800,75179,06,037,106114,"Los Angeles County, California",989.0,17580.0
06037106403,3701,91364,06,037,106403,"Los Angeles County, California",461.0,15156.0
06037106405,4340,86159,06,037,106405,"Los Angeles County, California",755.0,11212.0
06037106406,6534,99298,06,037,106406,"Los Angeles County, California",916.0,4401.0
06037106407,2352,34360,06,037,106407,"Los Angeles County, California",300.0,18087.0
06037106408,3733,54259,06,037,106408,"Los Angeles County, California",566.0,10964.0
06037106510,5717,113750,06,037,106510,"Los Angeles County, California",884.0,29940.0
06037106520,5545,90292,06,037,106520,"Los Angeles County, California",705.0,26871.0
06037106603,3544,135368,06,037,106603,"Los Angeles County, California",667.0,46714.0
06037106604,4010,63976,06,037,106604,"Los Angeles County, California",549.0,5743.0
06037106641,2197,114444,06,037,106641,"Los Angeles County, California",231.0,40853.0
06037106642,3442,137426,06,037,106642,"Los Angeles County, California",671.0,26462.0
06037106643,4306,197411,06,037,106643,"Los Angeles County, California",881.0,27416.0
06037106645,3769,128382,06,037,106645,"Los Angeles County, California",647.0,42027.0
06037106646,3011,120865,06,037,106646,"Los Angeles County, California",334.0,14071.0
06037106648,4581,68583,06,037,106648,"Los Angeles County, California",593.0,32298.0
06037106649,2776,101528,06,037,106649,"Los Angeles County, California",637.0,22422.0
06037107010,3177,82109,06,037,107010,"Los Angeles County, California",423.0,10317.0
06037107020,4610,81625,06,037,107020,"Los Angeles County, California",1225.0,19935.0
06037108101,2274,150000,06,037,108101,"Los Angeles County, California",306.0,24383.0
06037108102,3596,125540,06,037,108102,"Los Angeles County, California",459.0,25562.0
06037108103,2968,149118,06,037,108103,"Los Angeles County, California",448.0,15434.0
06037108104,1738,150550,06,037,108104,"Los Angeles County, California",420.0,50560.0
06037108202,9302,164905,06,037,108202,"Los Angeles County, California",1439.0,32263.0
06037108203,3170,134917,06,037,108203,"Los Angeles County, California",356.0,17494.0
06037108204,1780,169178,06,037,108204,"Los Angeles County, California",319.0,39550.0
06037109100,2675,81500,06,037,109100,"Los Angeles County, California",271.0,35749.0
06037109200,3161,119917,06,037,109200,"Los Angeles County, California",586.0,19696.0
06037109300,2864,112738,06,037,109300,"Los Angeles County, California",356.0,10614.0
06037109400,4175,93571,06,037,109400,"Los Angeles County, California",632.0,43740.0
06037109500,3699,62500,06,037,109500,"Los Angeles County, California",693.0,13193.0
06037109601,4831,114853,06,037,109601,"Los Angeles County, California",643.0,10115.0
06037109603,3900,76545,06,037,109603,"Los Angeles County, California",964.0,9196.0
06037109604,2900,101822,06,037,109604,"Los Angeles County, California",291.0,5034.0
06037109700,4333,110500,06,037,109700,"Los Angeles County, California",525.0,18439.0
06037109800,4584,74803,06,037,109800,"Los Angeles County, California",560.0,34595.0
06037111100,3076,117813,06,037,111100,"Los Angeles County, California",355.0,16541.0
06037111201,3256,111439,06,037,111201,"Los Angeles County, California",696.0,15786.0
06037111202,5670,110686,06,037,111202,"Los Angeles County, California",1186.0,29731.0
06037111204,5600,172376,06,037,111204,"Los Angeles County, California",582.0,13137.0
06037111205,3879,103125,06,037,111205,"Los Angeles County, California",824.0,20866.0
06037111206,4363,154563,06,037,111206,"Los Angeles County, California",426.0,25932.0
06037111302,4880,88458,06,037,111302,"Los Angeles County, California",647.0,24235.0
06037111303,4712,89688,06,037,111303,"Los Angeles County, California",569.0,34030.0
06037111304,3106,49583,06,037,111304,"Los Angeles County, California",639.0,15820.0
06037111401,2293,130729,06,037,111401,"Los Angeles County, California",388.0,43624.0
06037111402,6146,56257,06,037,111402,"Los Angeles County, California",973.0,8690.0
06037113101,3525,121458,06,037,113101,"Los Angeles County, California",459.0,19524.0
06037113102,2784,179688,06,037,113102,"Los Angeles County, California",340.0,51573.0
06037113211,4248,109798,06,037,113211,"Los Angeles County, California",564.0,18339.0
06037113212,2888,91987,06,037,113212,"Los Angeles County, California",421.0,23727.0
06037113213,5087,118405,06,037,113213,"Los Angeles County, California",678.0,15707.0
06037113231,2161,122094,06,037,113231,"Los Angeles County, California",235.0,15667.0
06037113232,4596,143471,06,037,113232,"Los Angeles County, California",621.0,24738.0
06037113234,5653,71268,06,037,113234,"Los Angeles County, California",1247.0,17308.0
06037113235,1727,94010,06,037,113235,"Los Angeles County, California",351.0,32947.0
06037113237,4725,150278,06,037,113237,"Los Angeles County, California",814.0,59050.0
06037113238,4547,63333,06,037,113238,"Los Angeles County, California",657.0,16667.0
06037113239,2343,47297,06,037,113239,"Los Angeles County, California",371.0,11899.0
06037113301,4830,122692,06,037,113301,"Los Angeles County, California",665.0,49724.0
06037113303,3774,108924,06,037,113303,"Los Angeles County, California",333.0,7797.0
06037113322,4584,118286,06,037,113322,"Los Angeles County, California",827.0,11695.0
06037113323,3619,86838,06,037,113323,"Los Angeles County, California",550.0,32129.0
06037113324,2771,98214,06,037,113324,"Los Angeles County, California",1569.0,16445.0
06037113423,3077,77078,06,037,113423,"Los Angeles County, California",659.0,39734.0
06037113424,3346,106726,06,037,113424,"Los Angeles County, California",622.0,23110.0
06037113425,4499,67031,06,037,113425,"Los Angeles County, California",671.0,11434.0
06037113426,2322,63750,06,037,113426,"Los Angeles County, California",350.0,18665.0
06037113427,2360,62071,06,037,113427,"Los Angeles County, California",260.0,10811.0
06037113428,4222,117545,06,037,113428,"Los Angeles County, California",1487.0,28926.0
06037115101,4678,150280,06,037,115101,"Los Angeles County, California",472.0,49510.0
06037115103,2725,,06,037,115103,"Los Angeles County, California",67.0,
06037115104,4327,60682,06,037,115104,"Los Angeles County, California",604.0,15835.0
06037115202,6010,66528,06,037,115202,"Los Angeles County, California",1081.0,18885.0
06037115203,2236,90300,06,037,115203,"Los Angeles County, California",457.0,33803.0
06037115204,3806,111528,06,037,115204,"Los Angeles County, California",600.0,28425.0
06037115301,4511,103894,06,037,115301,"Los Angeles County, California",803.0,24266.0
06037115302,3912,76250,06,037,115302,"Los Angeles County, California",491.0,17601.0
06037115401,5847,58909,06,037,115401,"Los Angeles County, California",763.0,10639.0
06037115403,3477,82875,06,037,115403,"Los Angeles County, California",868.0,24341.0
06037115404,2830,92250,06,037,115404,"Los Angeles County, California",368.0,23026.0
06037117101,5252,102639,06,037,117101,"Los Angeles County, California",725.0,18829.0
06037117102,2504,90833,06,037,117102,"Los Angeles County, California",328.0,25116.0
06037117201,4250,51395,06,037,117201,"Los Angeles County, California",633.0,11037.0
06037117202,2853,107313,06,037,117202,"Los Angeles County, California",406.0,33901.0
06037117301,3632,129266,06,037,117301,"Los Angeles County, California",316.0,14727.0
06037117302,4957,119311,06,037,117302,"Los Angeles County, California",582.0,20908.0
06037117303,4428,122096,06,037,117303,"Los Angeles County, California",1039.0,18070.0
06037117404,5548,127821,06,037,117404,"Los Angeles County, California",1084.0,14458.0
06037117405,3176,41480,06,037,117405,"Los Angeles County, California",569.0,10010.0
06037117407,3566,48341,06,037,117407,"Los Angeles County, California",448.0,6085.0
06037117408,2404,50714,06,037,117408,"Los Angeles County, California",291.0,7085.0
06037117510,3807,61875,06,037,117510,"Los Angeles County, California",607.0,13825.0
06037117520,4571,53558,06,037,117520,"Los Angeles County, California",585.0,7982.0
06037117530,5963,54654,06,037,117530,"Los Angeles County, California",666.0,20235.0
06037119001,4462,105536,06,037,119001,"Los Angeles County, California",596.0,13225.0
06037119003,3895,106625,06,037,119003,"Los Angeles County, California",725.0,16566.0
06037119004,2768,74375,06,037,119004,"Los Angeles County, California",1094.0,39250.0
06037119201,4412,101667,06,037,119201,"Los Angeles County, California",880.0,10527.0
06037119202,4766,72807,06,037,119202,"Los Angeles County, California",721.0,13494.0
06037119310,3931,75588,06,037,119310,"Los Angeles County, California",484.0,26476.0
06037119320,4475,86308,06,037,119320,"Los Angeles County, California",558.0,29004.0
06037119340,3905,47021,06,037,119340,"Los Angeles County, California",449.0,7981.0
06037119341,2750,51159,06,037,119341,"Los Angeles County, California",368.0,5511.0
06037119342,2850,76078,06,037,119342,"Los Angeles County, California",372.0,8886.0
06037119400,5061,93053,06,037,119400,"Los Angeles County, California",899.0,16298.0
06037119700,4269,92011,06,037,119700,"Los Angeles County, California",753.0,23695.0
06037119801,2556,94750,06,037,119801,"Los Angeles County, California",296.0,34043.0
06037119802,3238,91964,06,037,119802,"Los Angeles County, California",834.0,26184.0
06037119900,4521,87986,06,037,119900,"Los Angeles County, California",608.0,28066.0
06037120010,2700,60972,06,037,120010,"Los Angeles County, California",394.0,17182.0
06037120020,4359,43253,06,037,120020,"Los Angeles County, California",569.0,8528.0
06037120030,2614,42188,06,037,120030,"Los Angeles County, California",327.0,6396.0
06037120103,3030,35357,06,037,120103,"Los Angeles County, California",363.0,15417.0
06037120104,2375,46958,06,037,120104,"Los Angeles County, California",386.0,6643.0
06037120105,2691,45237,06,037,120105,"Los Angeles County, California",334.0,6552.0
06037120106,4443,38866,06,037,120106,"Los Angeles County, California",539.0,5450.0
06037120107,4044,40129,06,037,120107,"Los Angeles County, California",734.0,9653.0
06037120108,4511,55063,06,037,120108,"Los Angeles County, California",577.0,18397.0
06037120300,5299,66615,06,037,120300,"Los Angeles County, California",803.0,16319.0
06037120400,6170,68491,06,037,120400,"Los Angeles County, California",762.0,16113.0
06037121010,5277,82685,06,037,121010,"Los Angeles County, California",534.0,22270.0
06037121020,3661,70382,06,037,121020,"Los Angeles County, California",621.0,16066.0
06037121101,3191,66442,06,037,121101,"Los Angeles County, California",510.0,16385.0
06037121102,2271,72632,06,037,121102,"Los Angeles County, California",254.0,21182.0
06037121210,2922,71932,06,037,121210,"Los Angeles County, California",554.0,8192.0
06037121221,2237,78897,06,037,121221,"Los Angeles County, California",355.0,13980.0
06037121222,4872,71845,06,037,121222,"Los Angeles County, California",770.0,30254.0
06037121600,2635,100139,06,037,121600,"Los Angeles County, California",366.0,26727.0
06037121801,3916,45842,06,037,121801,"Los Angeles County, California",625.0,7433.0
06037121802,3026,83450,06,037,121802,"Los Angeles County, California",431.0,10941.0
06037121900,3314,67250,06,037,121900,"Los Angeles County, California",601.0,24756.0
06037122000,5034,93454,06,037,122000,"Los Angeles County, California",775.0,6540.0
06037122120,4692,59770,06,037,122120,"Los Angeles County, California",572.0,10456.0
06037122121,2853,61875,06,037,122121,"Los Angeles County, California",517.0,16712.0
06037122122,2507,46149,06,037,122122,"Los Angeles County, California",664.0,4949.0
06037122200,3884,65255,06,037,122200,"Los Angeles County, California",389.0,9837.0
06037122410,3949,55345,06,037,122410,"Los Angeles County, California",559.0,13726.0
06037122420,5113,74966,06,037,122420,"Los Angeles County, California",662.0,20476.0
06037123010,3948,48549,06,037,123010,"Los Angeles County, California",538.0,5943.0
06037123020,2634,81250,06,037,123020,"Los Angeles County, California",412.0,2858.0
06037123103,3917,80857,06,037,123103,"Los Angeles County, California",586.0,11935.0
06037123104,4393,69276,06,037,123104,"Los Angeles County, California",553.0,6505.0
06037123203,2982,40938,06,037,123203,"Los Angeles County, California",253.0,26209.0
06037123204,3399,64550,06,037,123204,"Los Angeles County, California",704.0,8695.0
06037123205,2959,53281,06,037,123205,"Los Angeles County, California",696.0,13864.0
06037123206,2371,41750,06,037,123206,"Los Angeles County, California",264.0,9881.0
06037123301,4068,72668,06,037,123301,"Los Angeles County, California",513.0,17289.0
06037123303,3029,69958,06,037,123303,"Los Angeles County, California",274.0,12479.0
06037123304,4499,44009,06,037,123304,"Los Angeles County, California",625.0,12970.0
06037123410,3503,51828,06,037,123410,"Los Angeles County, California",577.0,2752.0
06037123420,4401,54572,06,037,123420,"Los Angeles County, California",709.0,12528.0
06037123510,4911,47805,06,037,123510,"Los Angeles County, California",673.0,9505.0
06037123520,2619,57446,06,037,123520,"Los Angeles County, California",352.0,9355.0
06037123601,5145,66642,06,037,123601,"Los Angeles County, California",729.0,26092.0
06037123602,3190,58705,06,037,123602,"Los Angeles County, California",564.0,17036.0
06037123700,4214,90767,06,037,123700,"Los Angeles County, California",560.0,12113.0
06037123800,5696,90933,06,037,123800,"Los Angeles County, California",809.0,19512.0
06037123901,3986,41154,06,037,123901,"Los Angeles County, California",628.0,15409.0
06037123902,2668,88438,06,037,123902,"Los Angeles County, California",402.0,30626.0
06037124000,4432,78493,06,037,124000,"Los Angeles County, California",563.0,44473.0
06037124102,3650,67131,06,037,124102,"Los Angeles County, California",811.0,19900.0
06037124103,1811,57793,06,037,124103,"Los Angeles County, California",317.0,7537.0
06037124104,2764,50724,06,037,124104,"Los Angeles County, California",569.0,11031.0
06037124105,2250,62845,06,037,124105,"Los Angeles County, California",266.0,7790.0
06037124201,3837,77379,06,037,124201,"Los Angeles County, California",949.0,16575.0
06037124203,2003,63851,06,037,124203,"Los Angeles County, California",280.0,11635.0
06037124204,2302,50921,06,037,124204,"Los Angeles County, California",363.0,9998.0
06037124300,2964,62426,06,037,124300,"Los Angeles County, California",384.0,12374.0
06037124400,4582,84957,06,037,124400,"Los Angeles County, California",814.0,27507.0
06037124500,2695,75625,06,037,124500,"Los Angeles County, California",368.0,9157.0
06037124600,2608,91452,06,037,124600,"Los Angeles County, California",366.0,14605.0
06037124700,5409,101863,06,037,124700,"Los Angeles County, California",833.0,39652.0
06037124902,3301,58178,06,037,124902,"Los Angeles County, California",593.0,11788.0
06037124903,3744,75907,06,037,124903,"Los Angeles County, California",493.0,11948.0
06037125101,3978,81758,06,037,125101,"Los Angeles County, California",762.0,11495.0
06037125102,1948,158596,06,037,125102,"Los Angeles County, California",246.0,21209.0
06037125200,3889,88274,06,037,125200,"Los Angeles County, California",672.0,12136.0
06037125310,3598,58162,06,037,125310,"Los Angeles County, California",751.0,21361.0
06037125321,2761,53778,06,037,125321,"Los Angeles County, California",610.0,22360.0
06037125322,1981,34432,06,037,125322,"Los Angeles County, California",373.0,25764.0
06037125402,4403,86170,06,037,125402,"Los Angeles County, California",797.0,17649.0
06037125403,2571,80893,06,037,125403,"Los Angeles County, California",527.0,20380.0
06037125404,2886,77574,06,037,125404,"Los Angeles County, California",518.0,12024.0
06037125501,2871,62109,06,037,125501,"Los Angeles County, California",341.0,23218.0
06037125502,3624,78139,06,037,125502,"Los Angeles County, California",483.0,10463.0
06037125600,2941,105432,06,037,125600,"Los Angeles County, California",401.0,23810.0
06037127102,4956,50739,06,037,127102,"Los Angeles County, California",648.0,12237.0
06037127103,3360,58591,06,037,127103,"Los Angeles County, California",594.0,10306.0
06037127104,4385,63158,06,037,127104,"Los Angeles County, California",1000.0,9955.0
06037127210,5630,63255,06,037,127210,"Los Angeles County, California",765.0,9615.0
06037127220,5219,44846,06,037,127220,"Los Angeles County, California",627.0,7927.0
06037127300,3942,71860,06,037,127300,"Los Angeles County, California",647.0,16431.0
06037127400,5855,66009,06,037,127400,"Los Angeles County, California",573.0,10429.0
06037127520,4722,48750,06,037,127520,"Los Angeles County, California",714.0,4860.0
06037127603,2791,55739,06,037,127603,"Los Angeles County, California",307.0,6706.0
06037127604,3141,48750,06,037,127604,"Los Angeles County, California",414.0,11460.0
06037127605,3734,58903,06,037,127605,"Los Angeles County, California",733.0,15796.0
06037127606,3110,64915,06,037,127606,"Los Angeles County, California",441.0,13110.0
06037127711,3207,93441,06,037,127711,"Los Angeles County, California",399.0,5775.0
06037127712,3859,60514,06,037,127712,"Los Angeles County, California",920.0,7648.0
06037127803,5068,64607,06,037,127803,"Los Angeles County, California",853.0,13868.0
06037127804,4728,68599,06,037,127804,"Los Angeles County, California",1204.0,8899.0
06037127805,3518,52900,06,037,127805,"Los Angeles County, California",541.0,17854.0
06037127806,3576,75817,06,037,127806,"Los Angeles County, California",402.0,17808.0
06037127910,4908,53783,06,037,127910,"Los Angeles County, California",771.0,15061.0
06037127920,4622,69495,06,037,127920,"Los Angeles County, California",799.0,18015.0
06037128101,2890,80714,06,037,128101,"Los Angeles County, California",415.0,21174.0
06037128102,4750,58603,06,037,128102,"Los Angeles County, California",612.0,9799.0
06037128210,5357,57679,06,037,128210,"Los Angeles County, California",905.0,16258.0
06037128220,2832,61389,06,037,128220,"Los Angeles County, California",359.0,17224.0
06037128302,4790,63047,06,037,128302,"Los Angeles County, California",726.0,7389.0
06037128303,3487,41328,06,037,128303,"Los Angeles County, California",637.0,11892.0
06037128400,4241,101955,06,037,128400,"Los Angeles County, California",518.0,21212.0
06037128500,4104,118460,06,037,128500,"Los Angeles County, California",455.0,16250.0
06037128601,5020,64482,06,037,128601,"Los Angeles County, California",943.0,14459.0
06037128602,2863,88333,06,037,128602,"Los Angeles County, California",343.0,39919.0
06037128703,3252,86080,06,037,128703,"Los Angeles County, California",656.0,14980.0
06037128704,2335,128472,06,037,128704,"Los Angeles County, California",305.0,35906.0
06037128801,3740,85781,06,037,128801,"Los Angeles County, California",578.0,15011.0
06037128802,4186,107653,06,037,128802,"Los Angeles County, California",539.0,17308.0
06037128910,4741,108333,06,037,128910,"Los Angeles County, California",606.0,18492.0
06037131021,3423,58333,06,037,131021,"Los Angeles County, California",711.0,23550.0
06037131022,2917,63140,06,037,131022,"Los Angeles County, California",403.0,8398.0
06037131023,2774,77880,06,037,131023,"Los Angeles County, California",395.0,13624.0
06037131024,3984,93929,06,037,131024,"Los Angeles County, California",1074.0,12924.0
06037131100,3340,104750,06,037,131100,"Los Angeles County, California",450.0,20454.0
06037131200,3796,102095,06,037,131200,"Los Angeles County, California",605.0,12639.0
06037131300,4502,69651,06,037,131300,"Los Angeles County, California",819.0,31771.0
06037131400,6175,88661,06,037,131400,"Los Angeles County, California",962.0,10696.0
06037131600,5194,84524,06,037,131600,"Los Angeles County, California",810.0,28412.0
06037131701,5297,92935,06,037,131701,"Los Angeles County, California",593.0,21244.0
06037131702,3958,74227,06,037,131702,"Los Angeles County, California",566.0,12664.0
06037131801,3068,53707,06,037,131801,"Los Angeles County, California",518.0,14614.0
06037131802,2481,99087,06,037,131802,"Los Angeles County, California",472.0,27211.0
06037131900,4255,126282,06,037,131900,"Los Angeles County, California",736.0,8885.0
06037132001,2947,91012,06,037,132001,"Los Angeles County, California",323.0,38138.0
06037132002,3707,96408,06,037,132002,"Los Angeles County, California",852.0,15605.0
06037132101,4319,68246,06,037,132101,"Los Angeles County, California",1247.0,21569.0
06037132102,5279,68548,06,037,132102,"Los Angeles County, California",635.0,25341.0
06037132301,3689,59484,06,037,132301,"Los Angeles County, California",634.0,13337.0
06037132302,3178,86464,06,037,132302,"Los Angeles County, California",803.0,33221.0
06037132501,4641,74205,06,037,132501,"Los Angeles County, California",853.0,21231.0
06037132502,3565,59018,06,037,132502,"Los Angeles County, California",445.0,21278.0
06037132700,4846,79893,06,037,132700,"Los Angeles County, California",700.0,21535.0
06037132900,3559,96767,06,037,132900,"Los Angeles County, California",609.0,23824.0
06037133000,4373,86914,06,037,133000,"Los Angeles County, California",598.0,19654.0
06037133101,1827,98750,06,037,133101,"Los Angeles County, California",190.0,24691.0
06037133102,3703,44125,06,037,133102,"Los Angeles County, California",562.0,13916.0
06037134001,3715,80682,06,037,134001,"Los Angeles County, California",388.0,10714.0
06037134002,3798,68750,06,037,134002,"Los Angeles County, California",658.0,18381.0
06037134101,5414,81417,06,037,134101,"Los Angeles County, California",659.0,16448.0
06037134103,4584,85000,06,037,134103,"Los Angeles County, California",952.0,32102.0
06037134104,4419,75174,06,037,134104,"Los Angeles County, California",534.0,20849.0
06037134201,4345,92024,06,037,134201,"Los Angeles County, California",664.0,15329.0
06037134302,4287,122563,06,037,134302,"Los Angeles County, California",646.0,38110.0
06037134303,5597,92461,06,037,134303,"Los Angeles County, California",639.0,45206.0
06037134304,3045,74875,06,037,134304,"Los Angeles County, California",257.0,29415.0
06037134305,3840,50278,06,037,134305,"Los Angeles County, California",554.0,17265.0
06037134306,3925,51268,06,037,134306,"Los Angeles County, California",638.0,11648.0
06037134421,4292,124767,06,037,134421,"Los Angeles County, California",580.0,34057.0
06037134422,4933,157969,06,037,134422,"Los Angeles County, California",548.0,19503.0
06037134423,3243,115189,06,037,134423,"Los Angeles County, California",295.0,48093.0
06037134424,2821,149000,06,037,134424,"Los Angeles County, California",286.0,19636.0
06037134520,5263,50139,06,037,134520,"Los Angeles County, California",723.0,8186.0
06037134521,2944,53145,06,037,134521,"Los Angeles County, California",296.0,15225.0
06037134522,4741,49375,06,037,134522,"Los Angeles County, California",750.0,13541.0
06037134710,5531,52683,06,037,134710,"Los Angeles County, California",648.0,6577.0
06037134720,5195,86375,06,037,134720,"Los Angeles County, California",599.0,20076.0
06037134801,3091,97381,06,037,134801,"Los Angeles County, California",569.0,32634.0
06037134802,3121,83984,06,037,134802,"Los Angeles County, California",491.0,33900.0
06037134901,2577,78526,06,037,134901,"Los Angeles County, California",263.0,20668.0
06037134904,4615,75769,06,037,134904,"Los Angeles County, California",1056.0,20267.0
06037134905,5590,100103,06,037,134905,"Los Angeles County, California",788.0,30287.0
06037134906,3056,83302,06,037,134906,"Los Angeles County, California",462.0,10876.0
06037134907,3635,99342,06,037,134907,"Los Angeles County, California",1040.0,27093.0
06037135102,3652,153750,06,037,135102,"Los Angeles County, California",456.0,20406.0
06037135111,4001,98490,06,037,135111,"Los Angeles County, California",1115.0,19753.0
06037135113,2951,110489,06,037,135113,"Los Angeles County, California",536.0,44322.0
06037135115,3212,86169,06,037,135115,"Los Angeles County, California",436.0,25206.0
06037135116,1477,68162,06,037,135116,"Los Angeles County, California",357.0,40495.0
06037135201,3104,123460,06,037,135201,"Los Angeles County, California",487.0,12253.0
06037135202,4625,130156,06,037,135202,"Los Angeles County, California",713.0,27047.0
06037135204,4481,112765,06,037,135204,"Los Angeles County, California",767.0,26394.0
06037135205,2059,121339,06,037,135205,"Los Angeles County, California",316.0,30706.0
06037137000,5035,108224,06,037,137000,"Los Angeles County, California",540.0,29759.0
06037137103,5560,90964,06,037,137103,"Los Angeles County, California",722.0,15819.0
06037137104,2416,98445,06,037,137104,"Los Angeles County, California",245.0,23685.0
06037137202,3339,71346,06,037,137202,"Los Angeles County, California",574.0,16529.0
06037137203,2660,119385,06,037,137203,"Los Angeles County, California",670.0,27018.0
06037137301,2142,181571,06,037,137301,"Los Angeles County, California",422.0,22852.0
06037137302,4376,167500,06,037,137302,"Los Angeles County, California",458.0,13739.0
06037137401,4567,143859,06,037,137401,"Los Angeles County, California",606.0,12903.0
06037137402,5663,145182,06,037,137402,"Los Angeles County, California",1087.0,40786.0
06037137501,5426,112800,06,037,137501,"Los Angeles County, California",736.0,19212.0
06037137502,4432,129395,06,037,137502,"Los Angeles County, California",593.0,47298.0
06037137504,1983,203750,06,037,137504,"Los Angeles County, California",321.0,55147.0
06037138000,4826,130690,06,037,138000,"Los Angeles County, California",504.0,24125.0
06037139001,5511,98926,06,037,139001,"Los Angeles County, California",636.0,17904.0
06037139200,5946,94250,06,037,139200,"Los Angeles County, California",782.0,10163.0
06037139301,4243,175673,06,037,139301,"Los Angeles County, California",719.0,32094.0
06037139302,5181,80119,06,037,139302,"Los Angeles County, California",641.0,7540.0
06037139303,4556,56200,06,037,139303,"Los Angeles County, California",495.0,14267.0
06037139401,2405,78320,06,037,139401,"Los Angeles County, California",303.0,23272.0
06037139402,2893,172500,06,037,139402,"Los Angeles County, California",480.0,52118.0
06037139502,3113,119707,06,037,139502,"Los Angeles County, California",362.0,15403.0
06037139504,3741,65625,06,037,139504,"Los Angeles County, California",506.0,14776.0
06037139505,2485,45833,06,037,139505,"Los Angeles County, California",505.0,25765.0
06037139506,2889,67538,06,037,139506,"Los Angeles County, California",675.0,25108.0
06037139600,5134,94444,06,037,139600,"Los Angeles County, California",706.0,20044.0
06037139701,5388,153875,06,037,139701,"Los Angeles County, California",692.0,46298.0
06037139703,2438,176875,06,037,139703,"Los Angeles County, California",353.0,57659.0
06037139704,2597,132050,06,037,139704,"Los Angeles County, California",597.0,27746.0
06037139705,4097,250001,06,037,139705,"Los Angeles County, California",631.0,
06037139801,3498,203125,06,037,139801,"Los Angeles County, California",431.0,27073.0
06037139802,3887,221398,06,037,139802,"Los Angeles County, California",488.0,26265.0
06037141101,4434,85313,06,037,141101,"Los Angeles County, California",765.0,21583.0
06037141102,2961,109976,06,037,141102,"Los Angeles County, California",442.0,31413.0
06037141201,3960,78795,06,037,141201,"Los Angeles County, California",343.0,12737.0
06037141202,2958,103157,06,037,141202,"Los Angeles County, California",517.0,4134.0
06037141303,3231,89375,06,037,141303,"Los Angeles County, California",304.0,22168.0
06037141304,3011,103894,06,037,141304,"Los Angeles County, California",646.0,18259.0
06037141305,2878,95938,06,037,141305,"Los Angeles County, California",359.0,24451.0
06037141306,3076,97355,06,037,141306,"Los Angeles County, California",581.0,15697.0
06037141400,5019,104877,06,037,141400,"Los Angeles County, California",545.0,16434.0
06037141500,3017,209320,06,037,141500,"Los Angeles County, California",714.0,72557.0
06037141600,3853,177031,06,037,141600,"Los Angeles County, California",498.0,40002.0
06037141700,3086,250001,06,037,141700,"Los Angeles County, California",495.0,
06037143101,2074,96827,06,037,143101,"Los Angeles County, California",452.0,27954.0
06037143102,2337,104455,06,037,143102,"Los Angeles County, California",320.0,11301.0
06037143200,4235,84513,06,037,143200,"Los Angeles County, California",602.0,12622.0
06037143301,3385,88365,06,037,143301,"Los Angeles County, California",678.0,26488.0
06037143302,3258,100833,06,037,143302,"Los Angeles County, California",435.0,23533.0
06037143401,5478,132672,06,037,143401,"Los Angeles County, California",677.0,21878.0
06037143402,1844,161484,06,037,143402,"Los Angeles County, California",518.0,80452.0
06037143500,5328,150556,06,037,143500,"Los Angeles County, California",694.0,24760.0
06037143602,4734,95455,06,037,143602,"Los Angeles County, California",852.0,44099.0
06037143603,2459,94738,06,037,143603,"Los Angeles County, California",296.0,9672.0
06037143605,1827,104271,06,037,143605,"Los Angeles County, California",316.0,22235.0
06037143606,1695,97589,06,037,143606,"Los Angeles County, California",314.0,27520.0
06037143700,3438,142717,06,037,143700,"Los Angeles County, California",452.0,44482.0
06037143801,3411,187888,06,037,143801,"Los Angeles County, California",607.0,77027.0
06037143802,2239,134926,06,037,143802,"Los Angeles County, California",419.0,25437.0
06037143901,4222,200757,06,037,143901,"Los Angeles County, California",580.0,46151.0
06037143902,3053,141534,06,037,143902,"Los Angeles County, California",455.0,32814.0
06037181000,5992,129388,06,037,181000,"Los Angeles County, California",776.0,26168.0
06037181300,3971,142283,06,037,181300,"Los Angeles County, California",498.0,9018.0
06037181400,4655,102887,06,037,181400,"Los Angeles County, California",673.0,9629.0
06037181500,4106,122476,06,037,181500,"Los Angeles County, California",522.0,22343.0
06037181600,4438,110819,06,037,181600,"Los Angeles County, California",429.0,28034.0
06037183101,2741,86944,06,037,183101,"Los Angeles County, California",320.0,39568.0
06037183103,4548,82902,06,037,183103,"Los Angeles County, California",796.0,20489.0
06037183104,1902,110833,06,037,183104,"Los Angeles County, California",169.0,39840.0
06037183220,3118,107667,06,037,183220,"Los Angeles County, California",366.0,29224.0
06037183221,3514,88625,06,037,183221,"Los Angeles County, California",566.0,59162.0
06037183222,3616,101118,06,037,183222,"Los Angeles County, California",553.0,45298.0
06037183300,3231,86963,06,037,183300,"Los Angeles County, California",424.0,4059.0
06037183401,2416,79617,06,037,183401,"Los Angeles County, California",465.0,21024.0
06037183402,2939,84583,06,037,183402,"Los Angeles County, California",335.0,24379.0
06037183510,2346,102784,06,037,183510,"Los Angeles County, California",365.0,22646.0
06037183520,3850,66020,06,037,183520,"Los Angeles County, California",699.0,12437.0
06037183610,3042,75395,06,037,183610,"Los Angeles County, California",322.0,7564.0
06037183620,3038,89784,06,037,183620,"Los Angeles County, California",406.0,11825.0
06037183701,3181,73615,06,037,183701,"Los Angeles County, California",449.0,17201.0
06037183702,3074,108353,06,037,183702,"Los Angeles County, California",517.0,17071.0
06037183810,4259,83488,06,037,183810,"Los Angeles County, California",612.0,12988.0
06037183820,3352,71424,06,037,183820,"Los Angeles County, California",555.0,17585.0
06037185101,2780,81801,06,037,185101,"Los Angeles County, California",436.0,29046.0
06037185102,3542,163194,06,037,185102,"Los Angeles County, California",852.0,70682.0
06037185202,4098,118125,06,037,185202,"Los Angeles County, California",840.0,45893.0
06037185203,2696,68500,06,037,185203,"Los Angeles County, California",304.0,31358.0
06037185204,1778,115417,06,037,185204,"Los Angeles County, California",235.0,32708.0
06037185310,2897,78542,06,037,185310,"Los Angeles County, California",412.0,15508.0
06037185320,2735,55947,06,037,185320,"Los Angeles County, California",425.0,11657.0
06037186100,4725,113365,06,037,186100,"Los Angeles County, California",528.0,15077.0
06037186201,3382,77354,06,037,186201,"Los Angeles County, California",931.0,15842.0
06037186202,1676,92276,06,037,186202,"Los Angeles County, California",299.0,10395.0
06037186203,2991,131083,06,037,186203,"Los Angeles County, California",390.0,11606.0
06037186301,2619,79018,06,037,186301,"Los Angeles County, California",292.0,13478.0
06037186302,4850,89737,06,037,186302,"Los Angeles County, California",650.0,24572.0
06037186401,2692,57120,06,037,186401,"Los Angeles County, California",361.0,6553.0
06037186403,2608,85446,06,037,186403,"Los Angeles County, California",437.0,16249.0
06037186404,2663,73971,06,037,186404,"Los Angeles County, California",440.0,17923.0
06037187101,3029,93533,06,037,187101,"Los Angeles County, California",293.0,7878.0
06037187102,4637,70590,06,037,187102,"Los Angeles County, California",829.0,18125.0
06037187200,2668,82500,06,037,187200,"Los Angeles County, California",486.0,18291.0
06037187300,3678,111250,06,037,187300,"Los Angeles County, California",545.0,23164.0
06037188100,3729,81151,06,037,188100,"Los Angeles County, California",502.0,21058.0
06037188201,3027,108061,06,037,188201,"Los Angeles County, California",301.0,10251.0
06037188202,3024,169764,06,037,188202,"Los Angeles County, California",547.0,73580.0
06037188300,3475,125022,06,037,188300,"Los Angeles County, California",498.0,7203.0
06037189101,2328,96607,06,037,189101,"Los Angeles County, California",280.0,16462.0
06037189102,3858,114143,06,037,189102,"Los Angeles County, California",450.0,10941.0
06037189201,2908,67974,06,037,189201,"Los Angeles County, California",361.0,17045.0
06037189202,2948,145417,06,037,189202,"Los Angeles County, California",422.0,30915.0
06037189300,2930,175854,06,037,189300,"Los Angeles County, California",447.0,29006.0
06037189400,3017,135278,06,037,189400,"Los Angeles County, California",506.0,16571.0
06037189501,2182,77074,06,037,189501,"Los Angeles County, California",480.0,22210.0
06037189502,1875,54811,06,037,189502,"Los Angeles County, California",296.0,15608.0
06037189600,3693,82446,06,037,189600,"Los Angeles County, California",585.0,25596.0
06037189702,2283,89707,06,037,189702,"Los Angeles County, California",414.0,12785.0
06037189703,1872,95403,06,037,189703,"Los Angeles County, California",357.0,43983.0
06037189704,1561,134145,06,037,189704,"Los Angeles County, California",413.0,73544.0
06037189801,1781,64257,06,037,189801,"Los Angeles County, California",270.0,18326.0
06037189802,1857,79484,06,037,189802,"Los Angeles County, California",374.0,20086.0
06037189903,2235,101932,06,037,189903,"Los Angeles County, California",286.0,18428.0
06037189904,2316,65221,06,037,189904,"Los Angeles County, California",325.0,14292.0
06037189905,2412,80256,06,037,189905,"Los Angeles County, California",573.0,10382.0
06037189906,2448,96667,06,037,189906,"Los Angeles County, California",310.0,34575.0
06037189907,2429,87994,06,037,189907,"Los Angeles County, California",878.0,11464.0
06037190101,1731,55866,06,037,190101,"Los Angeles County, California",387.0,15151.0
06037190102,2657,76037,06,037,190102,"Los Angeles County, California",611.0,15099.0
06037190201,3031,34626,06,037,190201,"Los Angeles County, California",578.0,4519.0
06037190202,2860,45755,06,037,190202,"Los Angeles County, California",421.0,12730.0
06037190302,2967,62545,06,037,190302,"Los Angeles County, California",598.0,33960.0
06037190303,2514,35297,06,037,190303,"Los Angeles County, California",423.0,25595.0
06037190401,2845,64028,06,037,190401,"Los Angeles County, California",524.0,15255.0
06037190402,2194,60096,06,037,190402,"Los Angeles County, California",232.0,8205.0
06037190510,3974,58110,06,037,190510,"Los Angeles County, California",528.0,11221.0
06037190520,3617,51701,06,037,190520,"Los Angeles County, California",582.0,8895.0
06037190701,1629,48403,06,037,190701,"Los Angeles County, California",328.0,34025.0
06037190702,1154,71125,06,037,190702,"Los Angeles County, California",278.0,20647.0
06037190801,3200,51150,06,037,190801,"Los Angeles County, California",338.0,20746.0
06037190802,2794,70608,06,037,190802,"Los Angeles County, California",425.0,13255.0
06037190901,3609,41250,06,037,190901,"Los Angeles County, California",578.0,15190.0
06037190902,3754,64286,06,037,190902,"Los Angeles County, California",540.0,13850.0
06037191000,5141,63563,06,037,191000,"Los Angeles County, California",738.0,6664.0
06037191110,3584,46910,06,037,191110,"Los Angeles County, California",501.0,21606.0
06037191120,3892,46429,06,037,191120,"Los Angeles County, California",588.0,16404.0
06037191201,5729,41967,06,037,191201,"Los Angeles County, California",587.0,5958.0
06037191203,2168,46204,06,037,191203,"Los Angeles County, California",351.0,16293.0
06037191204,1480,59297,06,037,191204,"Los Angeles County, California",222.0,14896.0
06037191301,1993,69667,06,037,191301,"Los Angeles County, California",350.0,19546.0
06037191302,1736,59318,06,037,191302,"Los Angeles County, California",233.0,15475.0
06037191410,3409,50168,06,037,191410,"Los Angeles County, California",350.0,9188.0
06037191420,3285,73917,06,037,191420,"Los Angeles County, California",1133.0,18585.0
06037191500,5683,62313,06,037,191500,"Los Angeles County, California",792.0,10357.0
06037191610,3999,48482,06,037,191610,"Los Angeles County, California",551.0,6976.0
06037191620,2768,52045,06,037,191620,"Los Angeles County, California",602.0,20640.0
06037191710,2670,28750,06,037,191710,"Los Angeles County, California",492.0,6872.0
06037191720,3492,39475,06,037,191720,"Los Angeles County, California",465.0,13889.0
06037191810,2807,55991,06,037,191810,"Los Angeles County, California",516.0,7104.0
06037191820,3803,71341,06,037,191820,"Los Angeles County, California",487.0,17163.0
06037191901,3932,64516,06,037,191901,"Los Angeles County, California",758.0,9194.0
06037191902,2836,88568,06,037,191902,"Los Angeles County, California",302.0,25939.0
06037192001,2131,93606,06,037,192001,"Los Angeles County, California",272.0,19038.0
06037192002,2586,111500,06,037,192002,"Los Angeles County, California",434.0,38711.0
06037192300,2594,92063,06,037,192300,"Los Angeles County, California",426.0,32140.0
06037192410,4066,111250,06,037,192410,"Los Angeles County, California",763.0,25554.0
06037192420,3564,61929,06,037,192420,"Los Angeles County, California",640.0,9468.0
06037192510,3711,62963,06,037,192510,"Los Angeles County, California",600.0,16779.0
06037192520,5119,61711,06,037,192520,"Los Angeles County, California",582.0,8014.0
06037192610,3958,47056,06,037,192610,"Los Angeles County, California",717.0,5295.0
06037192620,3562,49375,06,037,192620,"Los Angeles County, California",526.0,7450.0
06037192700,3234,54775,06,037,192700,"Los Angeles County, California",566.0,5558.0
06037194101,3139,100893,06,037,194101,"Los Angeles County, California",542.0,30235.0
06037194102,2490,127917,06,037,194102,"Los Angeles County, California",321.0,50787.0
06037194200,3440,168821,06,037,194200,"Los Angeles County, California",576.0,49474.0
06037194300,2746,248173,06,037,194300,"Los Angeles County, California",552.0,66610.0
06037194401,2636,100234,06,037,194401,"Los Angeles County, California",374.0,22851.0
06037194402,3101,108309,06,037,194402,"Los Angeles County, California",393.0,33704.0
06037194500,2011,119762,06,037,194500,"Los Angeles County, California",202.0,26265.0
06037195100,5042,160804,06,037,195100,"Los Angeles County, California",657.0,38134.0
06037195201,2698,108831,06,037,195201,"Los Angeles County, California",353.0,12096.0
06037195202,3329,153537,06,037,195202,"Los Angeles County, California",374.0,12342.0
06037195300,2903,96298,06,037,195300,"Los Angeles County, California",396.0,9691.0
06037195400,4221,110051,06,037,195400,"Los Angeles County, California",581.0,16786.0
06037195500,5010,116815,06,037,195500,"Los Angeles County, California",682.0,23077.0
06037195600,2707,61842,06,037,195600,"Los Angeles County, California",464.0,22855.0
06037195710,4860,66520,06,037,195710,"Los Angeles County, California",548.0,13809.0
06037195720,1795,70075,06,037,195720,"Los Angeles County, California",203.0,16413.0
06037195802,2958,77216,06,037,195802,"Los Angeles County, California",409.0,17206.0
06037195803,2351,86333,06,037,195803,"Los Angeles County, California",246.0,21222.0
06037195804,2527,66659,06,037,195804,"Los Angeles County, California",442.0,37225.0
06037195901,2435,86477,06,037,195901,"Los Angeles County, California",330.0,24515.0
06037195902,1779,127500,06,037,195902,"Los Angeles County, California",406.0,31060.0
06037195903,1923,88750,06,037,195903,"Los Angeles County, California",217.0,12100.0
06037197200,3602,73385,06,037,197200,"Los Angeles County, California",522.0,27552.0
06037197300,3847,103042,06,037,197300,"Los Angeles County, California",481.0,20776.0
06037197410,3725,94594,06,037,197410,"Los Angeles County, California",486.0,11482.0
06037197420,3962,87125,06,037,197420,"Los Angeles County, California",450.0,32945.0
06037197500,3882,82979,06,037,197500,"Los Angeles County, California",544.0,6792.0
06037197600,2130,94219,06,037,197600,"Los Angeles County, California",437.0,17304.0
06037197700,4963,63073,06,037,197700,"Los Angeles County, California",521.0,12874.0
06037199001,2214,52258,06,037,199001,"Los Angeles County, California",584.0,14244.0
06037199002,2610,67279,06,037,199002,"Los Angeles County, California",447.0,23198.0
06037199110,2452,73750,06,037,199110,"Los Angeles County, California",610.0,14638.0
06037199120,4031,46678,06,037,199120,"Los Angeles County, California",495.0,10157.0
06037199201,3540,54695,06,037,199201,"Los Angeles County, California",498.0,20150.0
06037199202,2594,89375,06,037,199202,"Los Angeles County, California",392.0,32526.0
06037199300,4093,99375,06,037,199300,"Los Angeles County, California",604.0,21995.0
06037199400,4497,55997,06,037,199400,"Los Angeles County, California",749.0,9926.0
06037199700,3025,50584,06,037,199700,"Los Angeles County, California",522.0,8984.0
06037199801,3745,60333,06,037,199801,"Los Angeles County, California",728.0,23457.0
06037199802,2064,57880,06,037,199802,"Los Angeles County, California",303.0,14344.0
06037199900,2341,49612,06,037,199900,"Los Angeles County, California",387.0,16583.0
06037201110,2390,91313,06,037,201110,"Los Angeles County, California",311.0,12285.0
06037201120,3934,85663,06,037,201120,"Los Angeles County, California",558.0,10854.0
06037201200,2711,80885,06,037,201200,"Los Angeles County, California",400.0,26354.0
06037201301,3433,87574,06,037,201301,"Los Angeles County, California",832.0,33601.0
06037201302,4001,110682,06,037,201302,"Los Angeles County, California",500.0,17767.0
06037201401,4632,67404,06,037,201401,"Los Angeles County, California",735.0,16598.0
06037201402,4445,75391,06,037,201402,"Los Angeles County, California",810.0,24489.0
06037201501,5594,87554,06,037,201501,"Los Angeles County, California",688.0,11543.0
06037201503,3261,60375,06,037,201503,"Los Angeles County, California",532.0,10777.0
06037201504,2177,73929,06,037,201504,"Los Angeles County, California",341.0,22185.0
06037201601,2337,65655,06,037,201601,"Los Angeles County, California",362.0,22732.0
06037201602,2619,68972,06,037,201602,"Los Angeles County, California",657.0,13940.0
06037201700,4865,76507,06,037,201700,"Los Angeles County, California",594.0,12901.0
06037203100,4357,50515,06,037,203100,"Los Angeles County, California",710.0,26830.0
06037203200,5417,63750,06,037,203200,"Los Angeles County, California",1046.0,15971.0
06037203300,1718,24236,06,037,203300,"Los Angeles County, California",241.0,18915.0
06037203500,2915,48194,06,037,203500,"Los Angeles County, California",452.0,18798.0
06037203601,2629,46078,06,037,203601,"Los Angeles County, California",451.0,11940.0
06037203602,2074,70047,06,037,203602,"Los Angeles County, California",339.0,28518.0
06037203710,3449,70515,06,037,203710,"Los Angeles County, California",545.0,10555.0
06037203720,3892,69015,06,037,203720,"Los Angeles County, California",513.0,17727.0
06037203800,4728,53895,06,037,203800,"Los Angeles County, California",771.0,18806.0
06037203900,3208,91250,06,037,203900,"Los Angeles County, California",593.0,8671.0
06037204110,3097,70878,06,037,204110,"Los Angeles County, California",551.0,10371.0
06037204120,2606,78938,06,037,204120,"Los Angeles County, California",623.0,19970.0
06037204200,3427,45662,06,037,204200,"Los Angeles County, California",658.0,7597.0
06037204300,5294,53421,06,037,204300,"Los Angeles County, California",865.0,19682.0
06037204410,2618,,06,037,204410,"Los Angeles County, California",528.0,
06037204420,3085,46507,06,037,204420,"Los Angeles County, California",359.0,9090.0
06037204600,4135,45357,06,037,204600,"Los Angeles County, California",773.0,13800.0
06037204700,4847,69861,06,037,204700,"Los Angeles County, California",702.0,8852.0
06037204810,4929,53988,06,037,204810,"Los Angeles County, California",870.0,6912.0
06037204820,2222,61176,06,037,204820,"Los Angeles County, California",360.0,22332.0
06037204910,3065,47017,06,037,204910,"Los Angeles County, California",611.0,4009.0
06037204920,2623,67083,06,037,204920,"Los Angeles County, California",369.0,17739.0
06037205110,3447,51389,06,037,205110,"Los Angeles County, California",483.0,7164.0
06037205120,3630,29946,06,037,205120,"Los Angeles County, California",620.0,6970.0
06037206010,3729,57653,06,037,206010,"Los Angeles County, California",589.0,30350.0
06037206020,8994,118438,06,037,206020,"Los Angeles County, California",361.0,29818.0
06037206050,2317,47431,06,037,206050,"Los Angeles County, California",550.0,17968.0
06037206051,1325,128000,06,037,206051,"Los Angeles County, California",365.0,75960.0
06037206052,3150,103519,06,037,206052,"Los Angeles County, California",564.0,30308.0
06037206053,3007,36833,06,037,206053,"Los Angeles County, California",413.0,19097.0
06037206054,2455,41852,06,037,206054,"Los Angeles County, California",396.0,29302.0
06037206201,2203,46250,06,037,206201,"Los Angeles County, California",438.0,14854.0
06037206202,1915,22353,06,037,206202,"Los Angeles County, California",240.0,8561.0
06037206301,2133,13738,06,037,206301,"Los Angeles County, California",321.0,1198.0
06037206302,2271,9417,06,037,206302,"Los Angeles County, California",234.0,5694.0
06037206303,2757,11359,06,037,206303,"Los Angeles County, California",216.0,6533.0
06037207101,3864,57755,06,037,207101,"Los Angeles County, California",698.0,20657.0
06037207102,3198,,06,037,207102,"Los Angeles County, California",440.0,
06037207103,2055,41667,06,037,207103,"Los Angeles County, California",240.0,23239.0
06037207303,2387,30867,06,037,207303,"Los Angeles County, California",420.0,12644.0
06037207304,2251,12443,06,037,207304,"Los Angeles County, California",540.0,1902.0
06037207305,796,67188,06,037,207305,"Los Angeles County, California",163.0,48445.0
06037207306,1947,45321,06,037,207306,"Los Angeles County, California",267.0,17915.0
06037207307,1403,14940,06,037,207307,"Los Angeles County, California",282.0,9597.0
06037207308,1268,97188,06,037,207308,"Los Angeles County, California",273.0,18914.0
06037207400,2091,59703,06,037,207400,"Los Angeles County, California",509.0,36339.0
06037207501,1995,99321,06,037,207501,"Los Angeles County, California",290.0,33609.0
06037207502,3652,19328,06,037,207502,"Los Angeles County, California",490.0,5503.0
06037207711,2189,165379,06,037,207711,"Los Angeles County, California",268.0,51034.0
06037207712,4388,85886,06,037,207712,"Los Angeles County, California",706.0,21635.0
06037207901,3227,83828,06,037,207901,"Los Angeles County, California",481.0,35485.0
06037207902,7214,112796,06,037,207902,"Los Angeles County, California",862.0,18610.0
06037208001,2452,85435,06,037,208001,"Los Angeles County, California",380.0,23064.0
06037208002,4147,47151,06,037,208002,"Los Angeles County, California",1007.0,18726.0
06037208301,1904,41719,06,037,208301,"Los Angeles County, California",312.0,12331.0
06037208302,4881,56106,06,037,208302,"Los Angeles County, California",689.0,16739.0
06037208401,4092,49900,06,037,208401,"Los Angeles County, California",611.0,12201.0
06037208402,2719,70500,06,037,208402,"Los Angeles County, California",476.0,16828.0
06037208501,2577,75694,06,037,208501,"Los Angeles County, California",415.0,10861.0
06037208502,4208,47654,06,037,208502,"Los Angeles County, California",556.0,8054.0
06037208610,4274,73598,06,037,208610,"Los Angeles County, California",622.0,11149.0
06037208620,3930,74046,06,037,208620,"Los Angeles County, California",498.0,11115.0
06037208710,4757,61754,06,037,208710,"Los Angeles County, California",773.0,4328.0
06037208720,3917,39085,06,037,208720,"Los Angeles County, California",535.0,13682.0
06037208801,3397,45097,06,037,208801,"Los Angeles County, California",559.0,8525.0
06037208802,2792,37798,06,037,208802,"Los Angeles County, California",640.0,16715.0
06037208902,2376,35497,06,037,208902,"Los Angeles County, California",346.0,2693.0
06037208903,3955,46573,06,037,208903,"Los Angeles County, California",827.0,12145.0
06037208904,3816,27088,06,037,208904,"Los Angeles County, California",613.0,6224.0
06037209103,3648,31948,06,037,209103,"Los Angeles County, California",489.0,8058.0
06037209104,2485,37692,06,037,209104,"Los Angeles County, California",291.0,8318.0
06037209105,3231,31125,06,037,209105,"Los Angeles County, California",861.0,19992.0
06037209106,2531,47102,06,037,209106,"Los Angeles County, California",420.0,19474.0
06037209201,3026,72313,06,037,209201,"Los Angeles County, California",442.0,12029.0
06037209202,1485,35694,06,037,209202,"Los Angeles County, California",341.0,4676.0
06037209300,4763,31655,06,037,209300,"Los Angeles County, California",608.0,10199.0
06037209401,4095,34739,06,037,209401,"Los Angeles County, California",550.0,12645.0
06037209402,4296,47411,06,037,209402,"Los Angeles County, California",655.0,16349.0
06037209403,4311,31446,06,037,209403,"Los Angeles County, California",981.0,8126.0
06037209510,2635,40777,06,037,209510,"Los Angeles County, California",482.0,2956.0
06037209520,2569,41318,06,037,209520,"Los Angeles County, California",425.0,4632.0
06037209810,2740,34327,06,037,209810,"Los Angeles County, California",337.0,6733.0
06037209820,2559,48269,06,037,209820,"Los Angeles County, California",487.0,13635.0
06037210010,3349,32969,06,037,210010,"Los Angeles County, California",764.0,14301.0
06037211000,5130,155122,06,037,211000,"Los Angeles County, California",685.0,42582.0
06037211121,2354,71250,06,037,211121,"Los Angeles County, California",467.0,22495.0
06037211122,2641,49653,06,037,211122,"Los Angeles County, California",403.0,14861.0
06037211123,1748,80063,06,037,211123,"Los Angeles County, California",326.0,31115.0
06037211124,4321,60559,06,037,211124,"Los Angeles County, California",881.0,23407.0
06037211201,2391,57478,06,037,211201,"Los Angeles County, California",272.0,9899.0
06037211202,2307,49385,06,037,211202,"Los Angeles County, California",421.0,5133.0
06037211310,3330,43287,06,037,211310,"Los Angeles County, California",552.0,5949.0
06037211320,3326,37959,06,037,211320,"Los Angeles County, California",535.0,16121.0
06037211410,3038,48333,06,037,211410,"Los Angeles County, California",476.0,6735.0
06037211420,3639,55492,06,037,211420,"Los Angeles County, California",401.0,4516.0
06037211500,4064,72375,06,037,211500,"Los Angeles County, California",537.0,20676.0
06037211701,2677,96599,06,037,211701,"Los Angeles County, California",399.0,30482.0
06037211703,4624,58029,06,037,211703,"Los Angeles County, California",530.0,3108.0
06037211704,2802,42250,06,037,211704,"Los Angeles County, California",461.0,20490.0
06037211802,4575,50090,06,037,211802,"Los Angeles County, California",679.0,13919.0
06037211803,3528,56000,06,037,211803,"Los Angeles County, California",495.0,16986.0
06037211804,3131,46361,06,037,211804,"Los Angeles County, California",514.0,16721.0
06037211910,4143,60988,06,037,211910,"Los Angeles County, California",493.0,20189.0
06037211921,2113,37849,06,037,211921,"Los Angeles County, California",309.0,11158.0
06037211922,3420,51060,06,037,211922,"Los Angeles County, California",826.0,8903.0
06037212101,2612,53098,06,037,212101,"Los Angeles County, California",261.0,8906.0
06037212102,2682,34790,06,037,212102,"Los Angeles County, California",483.0,6925.0
06037212202,3417,53006,06,037,212202,"Los Angeles County, California",540.0,15515.0
06037212203,2733,39238,06,037,212203,"Los Angeles County, California",508.0,9700.0
06037212204,3431,40431,06,037,212204,"Los Angeles County, California",459.0,6854.0
06037212303,3864,35074,06,037,212303,"Los Angeles County, California",988.0,23844.0
06037212304,1721,41206,06,037,212304,"Los Angeles County, California",272.0,2561.0
06037212305,2745,46615,06,037,212305,"Los Angeles County, California",470.0,12907.0
06037212306,3030,54177,06,037,212306,"Los Angeles County, California",581.0,7871.0
06037212410,4084,49223,06,037,212410,"Los Angeles County, California",1061.0,6845.0
06037212420,2616,48864,06,037,212420,"Los Angeles County, California",317.0,6037.0
06037212501,1898,47574,06,037,212501,"Los Angeles County, California",352.0,17990.0
06037212502,2997,61469,06,037,212502,"Los Angeles County, California",435.0,14920.0
06037212610,4218,66550,06,037,212610,"Los Angeles County, California",603.0,13067.0
06037212620,3799,45412,06,037,212620,"Los Angeles County, California",452.0,9832.0
06037212701,2277,71563,06,037,212701,"Los Angeles County, California",258.0,17366.0
06037212702,3360,94940,06,037,212702,"Los Angeles County, California",486.0,27155.0
06037212800,3176,73478,06,037,212800,"Los Angeles County, California",507.0,22414.0
06037212900,3842,51948,06,037,212900,"Los Angeles County, California",592.0,20704.0
06037213100,2860,55980,06,037,213100,"Los Angeles County, California",356.0,9284.0
06037213201,4162,40756,06,037,213201,"Los Angeles County, California",643.0,4189.0
06037213202,3899,62516,06,037,213202,"Los Angeles County, California",567.0,15566.0
06037213310,2578,69087,06,037,213310,"Los Angeles County, California",498.0,16210.0
06037213320,2569,33576,06,037,213320,"Los Angeles County, California",606.0,4745.0
06037213401,4818,46121,06,037,213401,"Los Angeles County, California",626.0,12355.0
06037213402,4697,51740,06,037,213402,"Los Angeles County, California",694.0,5457.0
06037214000,3692,148846,06,037,214000,"Los Angeles County, California",594.0,49380.0
06037214100,3569,138125,06,037,214100,"Los Angeles County, California",409.0,34893.0
06037214400,2905,95882,06,037,214400,"Los Angeles County, California",350.0,12630.0
06037214501,3679,107725,06,037,214501,"Los Angeles County, California",902.0,10872.0
06037214503,3302,85960,06,037,214503,"Los Angeles County, California",351.0,12922.0
06037214504,3532,102539,06,037,214504,"Los Angeles County, California",444.0,16338.0
06037214505,1469,82148,06,037,214505,"Los Angeles County, California",179.0,31877.0
06037214600,2247,115326,06,037,214600,"Los Angeles County, California",354.0,15963.0
06037214700,2320,115057,06,037,214700,"Los Angeles County, California",408.0,45749.0
06037214800,2835,123320,06,037,214800,"Los Angeles County, California",409.0,42449.0
06037214902,2444,112940,06,037,214902,"Los Angeles County, California",478.0,25124.0
06037214903,1507,,06,037,214903,"Los Angeles County, California",341.0,
06037214904,1390,116734,06,037,214904,"Los Angeles County, California",225.0,81349.0
06037215101,2812,80071,06,037,215101,"Los Angeles County, California",387.0,18301.0
06037215102,2952,91944,06,037,215102,"Los Angeles County, California",386.0,16314.0
06037216100,2156,139565,06,037,216100,"Los Angeles County, California",325.0,46041.0
06037216201,2510,110094,06,037,216201,"Los Angeles County, California",434.0,9131.0
06037216202,2472,79085,06,037,216202,"Los Angeles County, California",357.0,36530.0
06037216301,1439,,06,037,216301,"Los Angeles County, California",517.0,
06037216302,3214,98194,06,037,216302,"Los Angeles County, California",478.0,19041.0
06037216401,3295,97663,06,037,216401,"Los Angeles County, California",718.0,16928.0
06037216402,2404,94079,06,037,216402,"Los Angeles County, California",505.0,7980.0
06037216700,3440,104948,06,037,216700,"Los Angeles County, California",496.0,16935.0
06037216800,3324,125241,06,037,216800,"Los Angeles County, California",390.0,22991.0
06037216901,2687,111696,06,037,216901,"Los Angeles County, California",385.0,40496.0
06037216902,2227,65893,06,037,216902,"Los Angeles County, California",562.0,33839.0
06037217001,2647,123462,06,037,217001,"Los Angeles County, California",421.0,28673.0
06037217002,4859,110278,06,037,217002,"Los Angeles County, California",866.0,36038.0
06037217101,2518,83125,06,037,217101,"Los Angeles County, California",1310.0,59016.0
06037217102,2667,100063,06,037,217102,"Los Angeles County, California",415.0,45048.0
06037217200,3839,79028,06,037,217200,"Los Angeles County, California",585.0,24301.0
06037218110,3521,43990,06,037,218110,"Los Angeles County, California",681.0,21619.0
06037218120,3684,50606,06,037,218120,"Los Angeles County, California",665.0,14790.0
06037218210,4090,55614,06,037,218210,"Los Angeles County, California",681.0,9686.0
06037218220,3858,69028,06,037,218220,"Los Angeles County, California",709.0,16641.0
06037218300,4933,63971,06,037,218300,"Los Angeles County, California",865.0,28990.0
06037218400,4079,86006,06,037,218400,"Los Angeles County, California",702.0,19831.0
06037218500,2784,66489,06,037,218500,"Los Angeles County, California",412.0,25922.0
06037218600,3102,75466,06,037,218600,"Los Angeles County, California",395.0,17273.0
06037218701,2079,54936,06,037,218701,"Los Angeles County, California",304.0,9208.0
06037218702,2627,52891,06,037,218702,"Los Angeles County, California",513.0,6056.0
06037218800,2664,50011,06,037,218800,"Los Angeles County, California",367.0,5387.0
06037218900,5229,51094,06,037,218900,"Los Angeles County, California",752.0,24978.0
06037219010,3023,74643,06,037,219010,"Los Angeles County, California",624.0,42450.0
06037219020,4625,73214,06,037,219020,"Los Angeles County, California",794.0,12950.0
06037219300,3664,51500,06,037,219300,"Los Angeles County, California",832.0,17102.0
06037219500,2053,110865,06,037,219500,"Los Angeles County, California",304.0,26019.0
06037219700,4479,60618,06,037,219700,"Los Angeles County, California",807.0,7146.0
06037219800,3048,68450,06,037,219800,"Los Angeles County, California",475.0,19445.0
06037219901,4944,61157,06,037,219901,"Los Angeles County, California",1152.0,10979.0
06037219902,3514,82750,06,037,219902,"Los Angeles County, California",517.0,30922.0
06037220000,4460,45682,06,037,220000,"Los Angeles County, California",922.0,11843.0
06037220100,2583,62813,06,037,220100,"Los Angeles County, California",372.0,43077.0
06037221110,3161,46717,06,037,221110,"Los Angeles County, California",671.0,8967.0
06037221120,2922,47026,06,037,221120,"Los Angeles County, California",348.0,6188.0
06037221210,3095,66014,06,037,221210,"Los Angeles County, California",520.0,15780.0
06037221220,2979,57563,06,037,221220,"Los Angeles County, California",336.0,27104.0
06037221302,3681,34655,06,037,221302,"Los Angeles County, California",531.0,7037.0
06037221303,2611,48445,06,037,221303,"Los Angeles County, California",431.0,8118.0
06037221304,3674,51237,06,037,221304,"Los Angeles County, California",794.0,9526.0
06037221401,3341,36490,06,037,221401,"Los Angeles County, California",441.0,22215.0
06037221402,3063,53125,06,037,221402,"Los Angeles County, California",457.0,32742.0
06037221500,3513,34047,06,037,221500,"Los Angeles County, California",604.0,10169.0
06037221601,3354,51833,06,037,221601,"Los Angeles County, California",455.0,17122.0
06037221602,2455,52614,06,037,221602,"Los Angeles County, California",335.0,8605.0
06037221710,2890,48466,06,037,221710,"Los Angeles County, California",353.0,5537.0
06037221810,2679,32168,06,037,221810,"Los Angeles County, California",348.0,5643.0
06037221820,2335,24266,06,037,221820,"Los Angeles County, California",431.0,9712.0
06037221900,4281,28500,06,037,221900,"Los Angeles County, California",482.0,4242.0
06037222001,3139,85417,06,037,222001,"Los Angeles County, California",380.0,25053.0
06037222002,5172,67928,06,037,222002,"Los Angeles County, California",770.0,8131.0
06037222100,4058,69464,06,037,222100,"Los Angeles County, California",645.0,18953.0
06037222200,3895,46988,06,037,222200,"Los Angeles County, California",569.0,22061.0
06037222500,4616,78814,06,037,222500,"Los Angeles County, California",787.0,20385.0
06037222600,5668,44886,06,037,222600,"Los Angeles County, California",623.0,13964.0
06037222700,4094,,06,037,222700,"Los Angeles County, California",176.0,
06037224010,3137,43396,06,037,224010,"Los Angeles County, California",472.0,9156.0
06037224020,2633,31897,06,037,224020,"Los Angeles County, California",548.0,7041.0
06037224200,2429,51202,06,037,224200,"Los Angeles County, California",594.0,6429.0
06037224310,1964,53182,06,037,224310,"Los Angeles County, California",367.0,14585.0
06037224320,3300,30332,06,037,224320,"Los Angeles County, California",643.0,16897.0
06037224410,3029,34018,06,037,224410,"Los Angeles County, California",465.0,10776.0
06037224420,2449,25164,06,037,224420,"Los Angeles County, California",362.0,2133.0
06037224600,3037,46250,06,037,224600,"Los Angeles County, California",339.0,13391.0
06037224701,2613,37310,06,037,224701,"Los Angeles County, California",158.0,16684.0
06037224702,2646,11609,06,037,224702,"Los Angeles County, California",284.0,2186.0
06037226001,2188,38458,06,037,226001,"Los Angeles County, California",412.0,13042.0
06037226002,1960,42833,06,037,226002,"Los Angeles County, California",437.0,9038.0
06037226410,3579,42861,06,037,226410,"Los Angeles County, California",473.0,7945.0
06037226420,5306,41804,06,037,226420,"Los Angeles County, California",877.0,13211.0
06037226701,2846,76071,06,037,226701,"Los Angeles County, California",280.0,26773.0
06037226702,4285,61862,06,037,226702,"Los Angeles County, California",1031.0,28851.0
06037227010,4550,48688,06,037,227010,"Los Angeles County, California",919.0,5121.0
06037227020,3529,61615,06,037,227020,"Los Angeles County, California",720.0,6936.0
06037228100,5158,65086,06,037,228100,"Los Angeles County, California",851.0,33984.0
06037228210,4119,48542,06,037,228210,"Los Angeles County, California",613.0,19183.0
06037228220,4584,53750,06,037,228220,"Los Angeles County, California",604.0,14301.0
06037228310,4506,39770,06,037,228310,"Los Angeles County, California",535.0,5718.0
06037228320,3351,51039,06,037,228320,"Los Angeles County, California",708.0,2778.0
06037228410,3372,47870,06,037,228410,"Los Angeles County, California",510.0,5349.0
06037228420,3165,82798,06,037,228420,"Los Angeles County, California",522.0,14088.0
06037228500,5069,43616,06,037,228500,"Los Angeles County, California",1120.0,22664.0
06037228600,5006,44902,06,037,228600,"Los Angeles County, California",938.0,21072.0
06037228710,4147,47227,06,037,228710,"Los Angeles County, California",587.0,20930.0
06037228720,4800,56184,06,037,228720,"Los Angeles County, California",547.0,5439.0
06037228800,5347,53897,06,037,228800,"Los Angeles County, California",836.0,11037.0
06037228900,2967,32969,06,037,228900,"Los Angeles County, California",571.0,12793.0
06037229100,4635,64464,06,037,229100,"Los Angeles County, California",617.0,24593.0
06037229200,4427,48421,06,037,229200,"Los Angeles County, California",921.0,8501.0
06037229300,5973,55161,06,037,229300,"Los Angeles County, California",844.0,6744.0
06037229410,3932,60075,06,037,229410,"Los Angeles County, California",1058.0,12999.0
06037229420,4320,53977,06,037,229420,"Los Angeles County, California",479.0,16787.0
06037231100,3809,41989,06,037,231100,"Los Angeles County, California",532.0,9374.0
06037231210,4279,41006,06,037,231210,"Los Angeles County, California",716.0,11834.0
06037231220,4353,33458,06,037,231220,"Los Angeles County, California",918.0,7984.0
06037231301,2479,56875,06,037,231301,"Los Angeles County, California",447.0,6237.0
06037231302,3117,57314,06,037,231302,"Los Angeles County, California",704.0,43690.0
06037231400,5195,58973,06,037,231400,"Los Angeles County, California",752.0,23961.0
06037231500,5135,77083,06,037,231500,"Los Angeles County, California",756.0,32559.0
06037231601,2448,75131,06,037,231601,"Los Angeles County, California",600.0,17608.0
06037231602,2048,85273,06,037,231602,"Los Angeles County, California",386.0,19266.0
06037231603,2788,45037,06,037,231603,"Los Angeles County, California",514.0,22452.0
06037231710,4303,44347,06,037,231710,"Los Angeles County, California",787.0,7033.0
06037231720,5257,47012,06,037,231720,"Los Angeles County, California",795.0,19410.0
06037231800,5258,44025,06,037,231800,"Los Angeles County, California",751.0,12988.0
06037231901,2867,49271,06,037,231901,"Los Angeles County, California",1024.0,17154.0
06037231902,3255,43523,06,037,231902,"Los Angeles County, California",604.0,19008.0
06037232110,3378,51875,06,037,232110,"Los Angeles County, California",536.0,9376.0
06037232120,5308,52156,06,037,232120,"Los Angeles County, California",890.0,10917.0
06037232200,3638,62292,06,037,232200,"Los Angeles County, California",574.0,15369.0
06037232300,4992,74022,06,037,232300,"Los Angeles County, California",569.0,17629.0
06037232401,3968,67962,06,037,232401,"Los Angeles County, California",784.0,7337.0
06037232402,3095,42465,06,037,232402,"Los Angeles County, California",467.0,16855.0
06037232500,4736,63750,06,037,232500,"Los Angeles County, California",825.0,13321.0
06037232601,1772,53587,06,037,232601,"Los Angeles County, California",430.0,34722.0
06037232602,5552,75741,06,037,232602,"Los Angeles County, California",701.0,17054.0
06037232701,2502,76316,06,037,232701,"Los Angeles County, California",455.0,22684.0
06037232702,4676,67438,06,037,232702,"Los Angeles County, California",925.0,18089.0
06037232800,4426,55750,06,037,232800,"Los Angeles County, California",638.0,24331.0
06037234001,2379,72743,06,037,234001,"Los Angeles County, California",403.0,13775.0
06037234002,3030,58792,06,037,234002,"Los Angeles County, California",542.0,18034.0
06037234200,2569,75625,06,037,234200,"Los Angeles County, California",347.0,15431.0
06037234301,1684,42295,06,037,234301,"Los Angeles County, California",430.0,32343.0
06037234302,2441,45000,06,037,234302,"Los Angeles County, California",395.0,10991.0
06037234501,2901,93056,06,037,234501,"Los Angeles County, California",547.0,24680.0
06037234502,2772,31225,06,037,234502,"Los Angeles County, California",605.0,22890.0
06037234600,4885,71406,06,037,234600,"Los Angeles County, California",689.0,29428.0
06037234700,3700,67928,06,037,234700,"Los Angeles County, California",695.0,22570.0
06037234800,3424,66696,06,037,234800,"Los Angeles County, California",561.0,8731.0
06037234901,2954,46330,06,037,234901,"Los Angeles County, California",524.0,3845.0
06037234902,4558,26484,06,037,234902,"Los Angeles County, California",810.0,11152.0
06037235100,4074,96108,06,037,235100,"Los Angeles County, California",612.0,14811.0
06037235201,2847,62349,06,037,235201,"Los Angeles County, California",666.0,17257.0
06037235202,3888,32143,06,037,235202,"Los Angeles County, California",601.0,10044.0
06037236001,4207,109598,06,037,236001,"Los Angeles County, California",525.0,13394.0
06037236101,2421,32104,06,037,236101,"Los Angeles County, California",448.0,7626.0
06037236102,3573,56974,06,037,236102,"Los Angeles County, California",827.0,36974.0
06037236203,3727,31762,06,037,236203,"Los Angeles County, California",708.0,12004.0
06037236204,2968,40525,06,037,236204,"Los Angeles County, California",561.0,9327.0
06037236205,3421,27727,06,037,236205,"Los Angeles County, California",712.0,11099.0
06037236206,2983,53106,06,037,236206,"Los Angeles County, California",741.0,17135.0
06037236400,4551,103689,06,037,236400,"Los Angeles County, California",590.0,12381.0
06037237101,3827,46250,06,037,237101,"Los Angeles County, California",618.0,16272.0
06037237102,4038,49559,06,037,237102,"Los Angeles County, California",585.0,10795.0
06037237201,4138,54398,06,037,237201,"Los Angeles County, California",571.0,19869.0
06037237202,4653,47917,06,037,237202,"Los Angeles County, California",808.0,22905.0
06037237300,6051,76935,06,037,237300,"Los Angeles County, California",1113.0,13133.0
06037237401,4331,67470,06,037,237401,"Los Angeles County, California",554.0,18424.0
06037237402,3896,83333,06,037,237402,"Los Angeles County, California",632.0,6317.0
06037237500,2822,34643,06,037,237500,"Los Angeles County, California",530.0,8198.0
06037237600,4014,48447,06,037,237600,"Los Angeles County, California",665.0,8596.0
06037237710,4445,43820,06,037,237710,"Los Angeles County, California",1076.0,11495.0
06037237720,3784,41303,06,037,237720,"Los Angeles County, California",749.0,6620.0
06037237800,3880,51168,06,037,237800,"Los Angeles County, California",695.0,21680.0
06037237900,4131,59539,06,037,237900,"Los Angeles County, California",784.0,7821.0
06037238000,5592,69861,06,037,238000,"Los Angeles County, California",1037.0,42370.0
06037238100,5165,51417,06,037,238100,"Los Angeles County, California",1050.0,35464.0
06037238200,6181,41410,06,037,238200,"Los Angeles County, California",969.0,10287.0
06037238310,5400,52805,06,037,238310,"Los Angeles County, California",881.0,13368.0
06037238320,3560,33396,06,037,238320,"Los Angeles County, California",605.0,14481.0
06037238400,5107,85968,06,037,238400,"Los Angeles County, California",709.0,18407.0
06037239201,3563,46840,06,037,239201,"Los Angeles County, California",466.0,11081.0
06037239202,5645,48480,06,037,239202,"Los Angeles County, California",1142.0,6243.0
06037239310,4026,53021,06,037,239310,"Los Angeles County, California",768.0,14447.0
06037239320,3078,50402,06,037,239320,"Los Angeles County, California",419.0,12096.0
06037239330,2972,46979,06,037,239330,"Los Angeles County, California",858.0,36997.0
06037239501,3668,58516,06,037,239501,"Los Angeles County, California",433.0,7321.0
06037239502,3624,56667,06,037,239502,"Los Angeles County, California",543.0,15204.0
06037239601,3675,58068,06,037,239601,"Los Angeles County, California",501.0,12468.0
06037239602,3967,49583,06,037,239602,"Los Angeles County, California",534.0,7502.0
06037239701,4509,36611,06,037,239701,"Los Angeles County, California",912.0,11423.0
06037239702,4567,36958,06,037,239702,"Los Angeles County, California",826.0,10338.0
06037239801,4116,65029,06,037,239801,"Los Angeles County, California",473.0,12600.0
06037239802,5767,56642,06,037,239802,"Los Angeles County, California",916.0,6054.0
06037240010,3888,30864,06,037,240010,"Los Angeles County, California",532.0,7216.0
06037240020,5286,66806,06,037,240020,"Los Angeles County, California",972.0,25761.0
06037240200,6345,53224,06,037,240200,"Los Angeles County, California",762.0,8922.0
06037240301,3061,47024,06,037,240301,"Los Angeles County, California",531.0,22500.0
06037240302,2849,53250,06,037,240302,"Los Angeles County, California",665.0,33087.0
06037240401,6409,43933,06,037,240401,"Los Angeles County, California",769.0,14981.0
06037240402,4276,64159,06,037,240402,"Los Angeles County, California",758.0,18597.0
06037240500,6760,54361,06,037,240500,"Los Angeles County, California",1084.0,13822.0
06037240600,5431,60297,06,037,240600,"Los Angeles County, California",916.0,9652.0
06037240700,6324,57665,06,037,240700,"Los Angeles County, California",728.0,11219.0
06037240800,4470,55508,06,037,240800,"Los Angeles County, California",633.0,16243.0
06037240901,2711,56296,06,037,240901,"Los Angeles County, California",451.0,21076.0
06037240902,3658,,06,037,240902,"Los Angeles County, California",1214.0,
06037241001,4641,70227,06,037,241001,"Los Angeles County, California",1114.0,32994.0
06037241002,3776,60323,06,037,241002,"Los Angeles County, California",477.0,13389.0
06037241110,3819,67536,06,037,241110,"Los Angeles County, California",760.0,9818.0
06037241120,4207,40769,06,037,241120,"Los Angeles County, California",601.0,17584.0
06037241201,3287,57615,06,037,241201,"Los Angeles County, California",509.0,6117.0
06037241202,5291,51328,06,037,241202,"Los Angeles County, California",915.0,11951.0
06037241300,2376,60357,06,037,241300,"Los Angeles County, California",310.0,21010.0
06037241400,3974,73229,06,037,241400,"Los Angeles County, California",619.0,23216.0
06037242000,4074,47793,06,037,242000,"Los Angeles County, California",554.0,15372.0
06037242100,2680,27218,06,037,242100,"Los Angeles County, California",486.0,4712.0
06037242201,4011,60189,06,037,242201,"Los Angeles County, California",733.0,16924.0
06037242202,2966,47656,06,037,242202,"Los Angeles County, California",402.0,16723.0
06037242300,5010,49490,06,037,242300,"Los Angeles County, California",806.0,5240.0
06037242600,4698,21492,06,037,242600,"Los Angeles County, California",940.0,10186.0
06037242700,4982,50603,06,037,242700,"Los Angeles County, California",909.0,9489.0
06037243001,3444,64950,06,037,243001,"Los Angeles County, California",739.0,18473.0
06037243002,2846,69303,06,037,243002,"Los Angeles County, California",514.0,12682.0
06037243100,5552,32244,06,037,243100,"Los Angeles County, California",755.0,4659.0
06037261102,3502,220227,06,037,261102,"Los Angeles County, California",668.0,74535.0
06037261103,1767,221250,06,037,261103,"Los Angeles County, California",396.0,68656.0
06037261104,1547,239167,06,037,261104,"Los Angeles County, California",382.0,136661.0
06037261200,3967,186779,06,037,261200,"Los Angeles County, California",495.0,28028.0
06037262100,2457,215670,06,037,262100,"Los Angeles County, California",496.0,71969.0
06037262200,4378,185768,06,037,262200,"Los Angeles County, California",666.0,22129.0
06037262301,2806,250001,06,037,262301,"Los Angeles County, California",256.0,
06037262302,2839,201714,06,037,262302,"Los Angeles County, California",381.0,85308.0
06037262303,2749,250001,06,037,262303,"Los Angeles County, California",352.0,
06037262400,2900,250001,06,037,262400,"Los Angeles County, California",413.0,
06037262501,3709,250001,06,037,262501,"Los Angeles County, California",581.0,
06037262601,3330,250001,06,037,262601,"Los Angeles County, California",385.0,
06037262604,5763,242083,06,037,262604,"Los Angeles County, California",1180.0,101364.0
06037262704,3590,154340,06,037,262704,"Los Angeles County, California",410.0,17343.0
06037262706,3492,159917,06,037,262706,"Los Angeles County, California",466.0,84435.0
06037262802,3512,166477,06,037,262802,"Los Angeles County, California",491.0,43675.0
06037264000,2968,199432,06,037,264000,"Los Angeles County, California",392.0,80342.0
06037264102,2814,142308,06,037,264102,"Los Angeles County, California",302.0,29415.0
06037264103,2777,155433,06,037,264103,"Los Angeles County, California",402.0,28834.0
06037264303,2706,143938,06,037,264303,"Los Angeles County, California",435.0,18204.0
06037264304,2358,128819,06,037,264304,"Los Angeles County, California",422.0,27395.0
06037264305,4396,126136,06,037,264305,"Los Angeles County, California",1452.0,45190.0
06037264306,1703,138846,06,037,264306,"Los Angeles County, California",301.0,33095.0
06037265100,2413,119375,06,037,265100,"Los Angeles County, California",375.0,81405.0
06037265201,2615,142917,06,037,265201,"Los Angeles County, California",663.0,14717.0
06037265203,1988,102737,06,037,265203,"Los Angeles County, California",291.0,58432.0
06037265204,1544,,06,037,265204,"Los Angeles County, California",498.0,
06037265301,12794,,06,037,265301,"Los Angeles County, California",520.0,
06037265303,4736,33248,06,037,265303,"Los Angeles County, California",757.0,4103.0
06037265304,3009,16717,06,037,265304,"Los Angeles County, California",385.0,6114.0
06037265306,1788,36477,06,037,265306,"Los Angeles County, California",305.0,30761.0
06037265307,2190,26870,06,037,265307,"Los Angeles County, California",534.0,13427.0
06037265410,1679,151250,06,037,265410,"Los Angeles County, California",375.0,47313.0
06037265420,1474,250001,06,037,265420,"Los Angeles County, California",200.0,
06037265521,1569,71477,06,037,265521,"Los Angeles County, California",239.0,14370.0
06037265522,2086,95227,06,037,265522,"Los Angeles County, California",501.0,14845.0
06037265523,2180,71591,06,037,265523,"Los Angeles County, California",810.0,6872.0
06037265524,2864,112568,06,037,265524,"Los Angeles County, California",368.0,22916.0
06037265601,3019,82361,06,037,265601,"Los Angeles County, California",503.0,33406.0
06037265602,2928,101897,06,037,265602,"Los Angeles County, California",478.0,25321.0
06037265701,1745,110333,06,037,265701,"Los Angeles County, California",185.0,81888.0
06037265702,2993,96395,06,037,265702,"Los Angeles County, California",761.0,25519.0
06037267101,3136,115673,06,037,267101,"Los Angeles County, California",718.0,32764.0
06037267102,2928,132438,06,037,267102,"Los Angeles County, California",475.0,36764.0
06037267201,2775,93750,06,037,267201,"Los Angeles County, California",346.0,35831.0
06037267202,3654,123977,06,037,267202,"Los Angeles County, California",620.0,23579.0
06037267300,3865,82574,06,037,267300,"Los Angeles County, California",519.0,45376.0
06037267403,3538,91705,06,037,267403,"Los Angeles County, California",1088.0,28005.0
06037267404,3325,85481,06,037,267404,"Los Angeles County, California",409.0,17814.0
06037267405,2527,115594,06,037,267405,"Los Angeles County, California",436.0,16663.0
06037267406,1963,90867,06,037,267406,"Los Angeles County, California",358.0,9323.0
06037267502,3228,78750,06,037,267502,"Los Angeles County, California",328.0,31000.0
06037267503,2159,131514,06,037,267503,"Los Angeles County, California",745.0,71085.0
06037267504,3396,120083,06,037,267504,"Los Angeles County, California",633.0,47373.0
06037267600,2434,79153,06,037,267600,"Los Angeles County, California",439.0,13790.0
06037267700,3890,124942,06,037,267700,"Los Angeles County, California",421.0,21279.0
06037267800,3096,103875,06,037,267800,"Los Angeles County, California",378.0,17161.0
06037267901,2627,126250,06,037,267901,"Los Angeles County, California",392.0,19528.0
06037267902,3570,164808,06,037,267902,"Los Angeles County, California",498.0,46524.0
06037269000,4646,181354,06,037,269000,"Los Angeles County, California",845.0,41928.0
06037269100,4212,87672,06,037,269100,"Los Angeles County, California",983.0,28125.0
06037269300,3763,237841,06,037,269300,"Los Angeles County, California",502.0,46067.0
06037269500,3855,250001,06,037,269500,"Los Angeles County, California",522.0,
06037269601,3515,75532,06,037,269601,"Los Angeles County, California",728.0,28225.0
06037269602,2532,79107,06,037,269602,"Los Angeles County, California",451.0,22445.0
06037269700,3769,110362,06,037,269700,"Los Angeles County, California",442.0,17871.0
06037269800,3069,115000,06,037,269800,"Los Angeles County, California",387.0,30491.0
06037269903,3318,84101,06,037,269903,"Los Angeles County, California",479.0,5954.0
06037269905,2227,103778,06,037,269905,"Los Angeles County, California",239.0,4463.0
06037269906,3327,118465,06,037,269906,"Los Angeles County, California",550.0,13237.0
06037269907,2452,93558,06,037,269907,"Los Angeles County, California",293.0,11358.0
06037269908,1847,79210,06,037,269908,"Los Angeles County, California",342.0,14340.0
06037269909,2098,98545,06,037,269909,"Los Angeles County, California",629.0,5280.0
06037270101,1935,82361,06,037,270101,"Los Angeles County, California",394.0,24303.0
06037270102,2198,84479,06,037,270102,"Los Angeles County, California",515.0,34360.0
06037270200,3697,79231,06,037,270200,"Los Angeles County, California",567.0,32803.0
06037270300,2815,66673,06,037,270300,"Los Angeles County, California",489.0,29946.0
06037271100,2461,112333,06,037,271100,"Los Angeles County, California",289.0,45825.0
06037271200,2268,87321,06,037,271200,"Los Angeles County, California",529.0,43146.0
06037271300,5152,116285,06,037,271300,"Los Angeles County, California",623.0,24612.0
06037271400,3266,167350,06,037,271400,"Los Angeles County, California",373.0,44666.0
06037271500,2926,101964,06,037,271500,"Los Angeles County, California",447.0,34644.0
06037271600,5099,112569,06,037,271600,"Los Angeles County, California",650.0,11599.0
06037271702,4092,81200,06,037,271702,"Los Angeles County, California",451.0,13913.0
06037271703,2765,123520,06,037,271703,"Los Angeles County, California",278.0,28197.0
06037271704,2996,150750,06,037,271704,"Los Angeles County, California",908.0,11180.0
06037271801,3045,69063,06,037,271801,"Los Angeles County, California",458.0,19567.0
06037271803,3231,91691,06,037,271803,"Los Angeles County, California",659.0,18989.0
06037271804,2414,91863,06,037,271804,"Los Angeles County, California",337.0,28248.0
06037271901,3144,113922,06,037,271901,"Los Angeles County, California",509.0,25628.0
06037271902,3871,86473,06,037,271902,"Los Angeles County, California",412.0,21213.0
06037272100,4369,116389,06,037,272100,"Los Angeles County, California",585.0,53005.0
06037272201,1991,85536,06,037,272201,"Los Angeles County, California",311.0,17183.0
06037272202,3106,95774,06,037,272202,"Los Angeles County, California",452.0,21619.0
06037272301,3234,120049,06,037,272301,"Los Angeles County, California",487.0,11557.0
06037272302,3766,73114,06,037,272302,"Los Angeles County, California",509.0,4626.0
06037273100,2644,140208,06,037,273100,"Los Angeles County, California",363.0,45077.0
06037273200,2911,125242,06,037,273200,"Los Angeles County, California",439.0,25719.0
06037273300,3024,91763,06,037,273300,"Los Angeles County, California",536.0,20720.0
06037273403,1306,,06,037,273403,"Los Angeles County, California",345.0,
06037273404,1424,79330,06,037,273404,"Los Angeles County, California",281.0,37541.0
06037273502,2625,103624,06,037,273502,"Los Angeles County, California",378.0,11183.0
06037273600,2103,124006,06,037,273600,"Los Angeles County, California",344.0,32529.0
06037273700,2796,128361,06,037,273700,"Los Angeles County, California",379.0,13936.0
06037273800,3027,96699,06,037,273800,"Los Angeles County, California",344.0,28023.0
06037273902,4011,154231,06,037,273902,"Los Angeles County, California",627.0,52260.0
06037274100,4237,144190,06,037,274100,"Los Angeles County, California",785.0,42400.0
06037274202,3820,168700,06,037,274202,"Los Angeles County, California",541.0,53748.0
06037275101,979,140152,06,037,275101,"Los Angeles County, California",151.0,29488.0
06037275102,4265,88375,06,037,275102,"Los Angeles County, California",880.0,20897.0
06037275200,3754,92957,06,037,275200,"Los Angeles County, California",620.0,23284.0
06037275311,4985,94773,06,037,275311,"Los Angeles County, California",548.0,14388.0
06037275312,1991,146389,06,037,275312,"Los Angeles County, California",202.0,52658.0
06037275313,3298,97625,06,037,275313,"Los Angeles County, California",790.0,29950.0
06037275400,4161,140550,06,037,275400,"Los Angeles County, California",581.0,47933.0
06037275500,4808,52656,06,037,275500,"Los Angeles County, California",909.0,10161.0
06037275603,2820,122955,06,037,275603,"Los Angeles County, California",444.0,30645.0
06037275604,10065,173795,06,037,275604,"Los Angeles County, California",875.0,22763.0
06037275605,2701,118003,06,037,275605,"Los Angeles County, California",385.0,16929.0
06037276000,6609,147896,06,037,276000,"Los Angeles County, California",656.0,25790.0
06037276101,2991,117054,06,037,276101,"Los Angeles County, California",551.0,17875.0
06037276102,3262,76962,06,037,276102,"Los Angeles County, California",487.0,30601.0
06037276400,4388,222888,06,037,276400,"Los Angeles County, California",632.0,49003.0
06037276500,5617,141250,06,037,276500,"Los Angeles County, California",273.0,22949.0
06037276601,4136,155833,06,037,276601,"Los Angeles County, California",503.0,39935.0
06037276605,2366,97102,06,037,276605,"Los Angeles County, California",859.0,37293.0
06037276606,2987,112571,06,037,276606,"Los Angeles County, California",269.0,17401.0
06037276607,2787,96897,06,037,276607,"Los Angeles County, California",377.0,21717.0
06037276608,2141,111331,06,037,276608,"Los Angeles County, California",335.0,25459.0
06037277000,5947,146929,06,037,277000,"Los Angeles County, California",1184.0,22048.0
06037277100,3149,139821,06,037,277100,"Los Angeles County, California",637.0,46363.0
06037277200,1845,58170,06,037,277200,"Los Angeles County, California",406.0,6155.0
06037277400,0,,06,037,277400,"Los Angeles County, California",13.0,
06037278001,2220,106563,06,037,278001,"Los Angeles County, California",315.0,42439.0
06037278102,3116,161774,06,037,278102,"Los Angeles County, California",337.0,26929.0
06037291110,4530,52629,06,037,291110,"Los Angeles County, California",742.0,15952.0
06037291120,2178,76250,06,037,291120,"Los Angeles County, California",409.0,16278.0
06037291130,3492,85208,06,037,291130,"Los Angeles County, California",423.0,25692.0
06037291210,4752,56976,06,037,291210,"Los Angeles County, California",771.0,17142.0
06037291220,3008,72880,06,037,291220,"Los Angeles County, California",408.0,13374.0
06037291300,3132,105625,06,037,291300,"Los Angeles County, California",376.0,22486.0
06037292001,4219,50402,06,037,292001,"Los Angeles County, California",603.0,4969.0
06037292002,1993,109833,06,037,292002,"Los Angeles County, California",466.0,18834.0
06037293203,2936,77106,06,037,293203,"Los Angeles County, California",525.0,14450.0
06037293204,3660,107227,06,037,293204,"Los Angeles County, California",1555.0,27177.0
06037293205,3487,57277,06,037,293205,"Los Angeles County, California",549.0,9478.0
06037293206,2882,70724,06,037,293206,"Los Angeles County, California",530.0,23700.0
06037293301,2734,105833,06,037,293301,"Los Angeles County, California",229.0,16903.0
06037293302,4637,101028,06,037,293302,"Los Angeles County, California",809.0,23927.0
06037293304,5317,68769,06,037,293304,"Los Angeles County, California",824.0,11955.0
06037293306,2195,114833,06,037,293306,"Los Angeles County, California",301.0,17201.0
06037293307,2670,60250,06,037,293307,"Los Angeles County, California",752.0,21959.0
06037294110,3938,64143,06,037,294110,"Los Angeles County, California",437.0,33163.0
06037294120,2809,73750,06,037,294120,"Los Angeles County, California",737.0,35671.0
06037294200,4668,71442,06,037,294200,"Los Angeles County, California",690.0,15715.0
06037294301,2731,113362,06,037,294301,"Los Angeles County, California",402.0,15932.0
06037294302,4567,66553,06,037,294302,"Los Angeles County, California",527.0,16074.0
06037294410,5237,69826,06,037,294410,"Los Angeles County, California",709.0,12290.0
06037294421,2763,55881,06,037,294421,"Los Angeles County, California",498.0,8736.0
06037294510,4095,59023,06,037,294510,"Los Angeles County, California",707.0,20518.0
06037294520,3597,54766,06,037,294520,"Los Angeles County, California",354.0,8506.0
06037294610,4021,59896,06,037,294610,"Los Angeles County, California",864.0,36344.0
06037294620,4229,67039,06,037,294620,"Los Angeles County, California",661.0,25496.0
06037294701,2789,34318,06,037,294701,"Los Angeles County, California",426.0,10371.0
06037294810,3929,49143,06,037,294810,"Los Angeles County, California",485.0,10215.0
06037294820,3289,35217,06,037,294820,"Los Angeles County, California",524.0,7341.0
06037294830,4167,63295,06,037,294830,"Los Angeles County, California",701.0,7502.0
06037294900,3824,35385,06,037,294900,"Los Angeles County, California",390.0,10391.0
06037295103,5369,127726,06,037,295103,"Los Angeles County, California",778.0,12136.0
06037296210,3616,54792,06,037,296210,"Los Angeles County, California",729.0,18338.0
06037296220,4154,42407,06,037,296220,"Los Angeles County, California",534.0,18307.0
06037296300,4882,94800,06,037,296300,"Los Angeles County, California",847.0,14325.0
06037296401,3075,113981,06,037,296401,"Los Angeles County, California",496.0,23029.0
06037296402,3346,141406,06,037,296402,"Los Angeles County, California",466.0,48515.0
06037296500,3687,65167,06,037,296500,"Los Angeles County, California",498.0,15380.0
06037296600,5284,47813,06,037,296600,"Los Angeles County, California",685.0,15099.0
06037296901,4492,58030,06,037,296901,"Los Angeles County, California",988.0,21452.0
06037296902,4552,61394,06,037,296902,"Los Angeles County, California",621.0,9733.0
06037297001,1659,193125,06,037,297001,"Los Angeles County, California",183.0,91206.0
06037297002,4376,113288,06,037,297002,"Los Angeles County, California",830.0,28398.0
06037297110,4809,50141,06,037,297110,"Los Angeles County, California",669.0,4028.0
06037297120,3264,59398,06,037,297120,"Los Angeles County, California",476.0,11482.0
06037297201,4078,57276,06,037,297201,"Los Angeles County, California",525.0,11936.0
06037297202,4128,87817,06,037,297202,"Los Angeles County, California",668.0,13382.0
06037297300,2152,113403,06,037,297300,"Los Angeles County, California",270.0,15816.0
06037297400,3248,94426,06,037,297400,"Los Angeles County, California",423.0,36841.0
06037297501,2714,156845,06,037,297501,"Los Angeles County, California",593.0,49657.0
06037297502,2724,95167,06,037,297502,"Los Angeles County, California",471.0,33053.0
06037297601,3443,88798,06,037,297601,"Los Angeles County, California",511.0,29050.0
06037297602,3388,87976,06,037,297602,"Los Angeles County, California",444.0,22013.0
06037300100,6862,158713,06,037,300100,"Los Angeles County, California",849.0,26643.0
06037300200,5382,127614,06,037,300200,"Los Angeles County, California",607.0,30634.0
06037300301,6399,130000,06,037,300301,"Los Angeles County, California",904.0,37435.0
06037300400,5732,111042,06,037,300400,"Los Angeles County, California",866.0,29149.0
06037300501,2785,101813,06,037,300501,"Los Angeles County, California",395.0,43047.0
06037300503,5063,56005,06,037,300503,"Los Angeles County, California",943.0,14802.0
06037300601,6010,96793,06,037,300601,"Los Angeles County, California",962.0,14401.0
06037300602,3326,108720,06,037,300602,"Los Angeles County, California",393.0,22248.0
06037300701,4988,142696,06,037,300701,"Los Angeles County, California",498.0,33821.0
06037300702,5882,138846,06,037,300702,"Los Angeles County, California",665.0,27732.0
06037300800,7172,92438,06,037,300800,"Los Angeles County, California",1493.0,22572.0
06037300901,5285,156605,06,037,300901,"Los Angeles County, California",729.0,19943.0
06037300902,2046,174545,06,037,300902,"Los Angeles County, California",458.0,41003.0
06037301000,5552,118389,06,037,301000,"Los Angeles County, California",825.0,26545.0
06037301100,7140,82058,06,037,301100,"Los Angeles County, California",967.0,10686.0
06037301203,4042,81979,06,037,301203,"Los Angeles County, California",399.0,18899.0
06037301204,5018,69066,06,037,301204,"Los Angeles County, California",670.0,15821.0
06037301205,2102,119375,06,037,301205,"Los Angeles County, California",337.0,18356.0
06037301206,5361,76065,06,037,301206,"Los Angeles County, California",1155.0,18955.0
06037301300,1971,182708,06,037,301300,"Los Angeles County, California",296.0,84485.0
06037301400,3803,141607,06,037,301400,"Los Angeles County, California",542.0,38946.0
06037301501,1752,111484,06,037,301501,"Los Angeles County, California",313.0,14406.0
06037301502,7242,57395,06,037,301502,"Los Angeles County, California",1072.0,13904.0
06037301601,5396,38732,06,037,301601,"Los Angeles County, California",676.0,15526.0
06037301602,3897,67847,06,037,301602,"Los Angeles County, California",659.0,17912.0
06037301701,2780,84625,06,037,301701,"Los Angeles County, California",406.0,23795.0
06037301702,6160,69384,06,037,301702,"Los Angeles County, California",863.0,17929.0
06037301801,5428,69932,06,037,301801,"Los Angeles County, California",542.0,9875.0
06037301802,5487,78551,06,037,301802,"Los Angeles County, California",583.0,10592.0
06037301901,4267,94821,06,037,301901,"Los Angeles County, California",530.0,13967.0
06037301902,3279,92903,06,037,301902,"Los Angeles County, California",756.0,10417.0
06037302002,3944,52713,06,037,302002,"Los Angeles County, California",545.0,22226.0
06037302003,3663,61467,06,037,302003,"Los Angeles County, California",616.0,13187.0
06037302004,4055,58333,06,037,302004,"Los Angeles County, California",520.0,26935.0
06037302102,5888,89000,06,037,302102,"Los Angeles County, California",934.0,38330.0
06037302103,5089,54884,06,037,302103,"Los Angeles County, California",798.0,18721.0
06037302104,3662,78728,06,037,302104,"Los Angeles County, California",396.0,9990.0
06037302201,3785,36250,06,037,302201,"Los Angeles County, California",401.0,20327.0
06037302202,5146,50772,06,037,302202,"Los Angeles County, California",799.0,8880.0
06037302301,3656,81111,06,037,302301,"Los Angeles County, California",400.0,25663.0
06037302302,5487,59190,06,037,302302,"Los Angeles County, California",900.0,11715.0
06037302401,7303,69220,06,037,302401,"Los Angeles County, California",1063.0,13320.0
06037302503,3878,46810,06,037,302503,"Los Angeles County, California",455.0,22504.0
06037302504,3783,54200,06,037,302504,"Los Angeles County, California",384.0,6069.0
06037302505,4281,53333,06,037,302505,"Los Angeles County, California",794.0,9868.0
06037302506,3375,68224,06,037,302506,"Los Angeles County, California",583.0,33077.0
06037310100,5207,161373,06,037,310100,"Los Angeles County, California",866.0,30152.0
06037310201,5293,92500,06,037,310201,"Los Angeles County, California",953.0,34046.0
06037310202,4972,93590,06,037,310202,"Los Angeles County, California",569.0,21713.0
06037310300,3089,131100,06,037,310300,"Los Angeles County, California",536.0,46921.0
06037310400,3483,105777,06,037,310400,"Los Angeles County, California",671.0,29518.0
06037310501,3725,72337,06,037,310501,"Los Angeles County, California",495.0,16596.0
06037310601,6584,79776,06,037,310601,"Los Angeles County, California",965.0,16153.0
06037310602,2794,110294,06,037,310602,"Los Angeles County, California",372.0,21513.0
06037310701,2366,20714,06,037,310701,"Los Angeles County, California",402.0,8237.0
06037310703,5030,70663,06,037,310703,"Los Angeles County, California",940.0,15702.0
06037310704,4298,58967,06,037,310704,"Los Angeles County, California",481.0,12863.0
06037310705,2469,33305,06,037,310705,"Los Angeles County, California",713.0,22451.0
06037310800,5718,98179,06,037,310800,"Los Angeles County, California",766.0,28702.0
06037310900,6892,98870,06,037,310900,"Los Angeles County, California",804.0,18535.0
06037311000,3940,107361,06,037,311000,"Los Angeles County, California",443.0,21897.0
06037311100,4147,91963,06,037,311100,"Los Angeles County, California",616.0,21559.0
06037311200,3085,87996,06,037,311200,"Los Angeles County, California",682.0,17798.0
06037311300,4090,116951,06,037,311300,"Los Angeles County, California",552.0,22224.0
06037311400,2369,130000,06,037,311400,"Los Angeles County, California",302.0,24020.0
06037311500,6362,125722,06,037,311500,"Los Angeles County, California",1238.0,13514.0
06037311601,2578,94923,06,037,311601,"Los Angeles County, California",1480.0,61738.0
06037311602,4270,80431,06,037,311602,"Los Angeles County, California",560.0,10493.0
06037311700,6165,120117,06,037,311700,"Los Angeles County, California",806.0,17106.0
06037311801,2951,73182,06,037,311801,"Los Angeles County, California",399.0,28469.0
06037311802,4512,101875,06,037,311802,"Los Angeles County, California",750.0,15475.0
06037320101,3446,100605,06,037,320101,"Los Angeles County, California",449.0,36355.0
06037320102,3782,81515,06,037,320102,"Los Angeles County, California",743.0,34192.0
06037320201,4143,46107,06,037,320201,"Los Angeles County, California",1028.0,9217.0
06037320202,6272,89730,06,037,320202,"Los Angeles County, California",800.0,30533.0
06037320300,6315,59360,06,037,320300,"Los Angeles County, California",907.0,17275.0
06037400205,2584,209688,06,037,400205,"Los Angeles County, California",304.0,35164.0
06037400206,5773,171411,06,037,400206,"Los Angeles County, California",726.0,22784.0
06037400207,4675,145795,06,037,400207,"Los Angeles County, California",585.0,27297.0
06037400208,1361,146898,06,037,400208,"Los Angeles County, California",228.0,13784.0
06037400209,4409,127778,06,037,400209,"Los Angeles County, California",621.0,27890.0
06037400304,8123,84818,06,037,400304,"Los Angeles County, California",948.0,18619.0
06037400402,4133,125147,06,037,400402,"Los Angeles County, California",646.0,32757.0
06037400403,4344,135647,06,037,400403,"Los Angeles County, California",807.0,28120.0
06037400404,4183,173239,06,037,400404,"Los Angeles County, California",557.0,14682.0
06037400501,1768,166250,06,037,400501,"Los Angeles County, California",321.0,72018.0
06037400602,4837,82353,06,037,400602,"Los Angeles County, California",647.0,10557.0
06037400603,4999,94980,06,037,400603,"Los Angeles County, California",707.0,11300.0
06037400605,7444,98456,06,037,400605,"Los Angeles County, California",505.0,16517.0
06037400801,6912,117533,06,037,400801,"Los Angeles County, California",646.0,12404.0
06037401001,2698,114394,06,037,401001,"Los Angeles County, California",275.0,17541.0
06037401002,4464,80913,06,037,401002,"Los Angeles County, California",621.0,16264.0
06037401101,5564,74394,06,037,401101,"Los Angeles County, California",929.0,6981.0
06037401102,4270,98913,06,037,401102,"Los Angeles County, California",689.0,22747.0
06037401201,3550,151010,06,037,401201,"Los Angeles County, California",818.0,39893.0
06037401202,4161,86100,06,037,401202,"Los Angeles County, California",441.0,11611.0
06037401203,5076,100947,06,037,401203,"Los Angeles County, California",743.0,9946.0
06037401303,2272,131607,06,037,401303,"Los Angeles County, California",373.0,38315.0
06037401304,5313,136182,06,037,401304,"Los Angeles County, California",578.0,31453.0
06037401311,6781,95218,06,037,401311,"Los Angeles County, California",824.0,29196.0
06037401312,5067,79534,06,037,401312,"Los Angeles County, California",534.0,29839.0
06037401500,5975,91178,06,037,401500,"Los Angeles County, California",944.0,9789.0
06037401601,5267,94159,06,037,401601,"Los Angeles County, California",618.0,16450.0
06037401602,5762,82878,06,037,401602,"Los Angeles County, California",677.0,18572.0
06037401705,3049,128989,06,037,401705,"Los Angeles County, California",303.0,8445.0
06037401706,4401,90213,06,037,401706,"Los Angeles County, California",641.0,17690.0
06037401707,8406,65650,06,037,401707,"Los Angeles County, California",1398.0,15420.0
06037401801,4467,150397,06,037,401801,"Los Angeles County, California",693.0,23887.0
06037401802,3590,111583,06,037,401802,"Los Angeles County, California",457.0,23294.0
06037401901,3823,87083,06,037,401901,"Los Angeles County, California",155.0,12404.0
06037401902,6290,96974,06,037,401902,"Los Angeles County, California",721.0,17383.0
06037402001,4043,65000,06,037,402001,"Los Angeles County, California",647.0,29565.0
06037402002,4180,76742,06,037,402002,"Los Angeles County, California",494.0,12194.0
06037402101,4986,96058,06,037,402101,"Los Angeles County, California",620.0,12807.0
06037402102,5344,97917,06,037,402102,"Los Angeles County, California",727.0,7387.0
06037402200,7081,88623,06,037,402200,"Los Angeles County, California",825.0,14981.0
06037402301,5169,70982,06,037,402301,"Los Angeles County, California",695.0,27278.0
06037402303,3964,67679,06,037,402303,"Los Angeles County, California",572.0,16239.0
06037402304,4098,52560,06,037,402304,"Los Angeles County, California",694.0,17348.0
06037402403,5385,82348,06,037,402403,"Los Angeles County, California",781.0,5195.0
06037402404,2088,,06,037,402404,"Los Angeles County, California",166.0,
06037402405,2204,85435,06,037,402405,"Los Angeles County, California",257.0,25435.0
06037402406,4736,75526,06,037,402406,"Los Angeles County, California",630.0,23633.0
06037402501,4868,52294,06,037,402501,"Los Angeles County, California",758.0,6852.0
06037402503,4333,68099,06,037,402503,"Los Angeles County, California",806.0,8367.0
06037402504,2509,34712,06,037,402504,"Los Angeles County, California",387.0,15904.0
06037402601,2892,68807,06,037,402601,"Los Angeles County, California",587.0,21464.0
06037402602,4824,64143,06,037,402602,"Los Angeles County, California",746.0,23120.0
06037402702,5018,47872,06,037,402702,"Los Angeles County, California",453.0,8259.0
06037402703,5448,65800,06,037,402703,"Los Angeles County, California",1486.0,16716.0
06037402705,3530,94150,06,037,402705,"Los Angeles County, California",556.0,20275.0
06037402706,3629,87976,06,037,402706,"Los Angeles County, California",355.0,23969.0
06037402801,4815,55926,06,037,402801,"Los Angeles County, California",730.0,33633.0
06037402803,3567,74891,06,037,402803,"Los Angeles County, California",512.0,14464.0
06037402804,4442,57276,06,037,402804,"Los Angeles County, California",661.0,10687.0
06037402902,6853,65500,06,037,402902,"Los Angeles County, California",883.0,8360.0
06037402903,3556,58824,06,037,402903,"Los Angeles County, California",404.0,31873.0
06037402904,3671,81506,06,037,402904,"Los Angeles County, California",488.0,9584.0
06037403000,6796,83279,06,037,403000,"Los Angeles County, California",890.0,12942.0
06037403305,2150,119375,06,037,403305,"Los Angeles County, California",270.0,24315.0
06037403316,7039,92488,06,037,403316,"Los Angeles County, California",862.0,19140.0
06037403317,5008,111029,06,037,403317,"Los Angeles County, California",566.0,10279.0
06037403318,6250,106046,06,037,403318,"Los Angeles County, California",582.0,21201.0
06037403319,4148,82870,06,037,403319,"Los Angeles County, California",731.0,17523.0
06037403320,5221,144844,06,037,403320,"Los Angeles County, California",669.0,37650.0
06037403321,5536,114871,06,037,403321,"Los Angeles County, California",496.0,24022.0
06037403323,5551,86106,06,037,403323,"Los Angeles County, California",615.0,11690.0
06037403324,6569,104219,06,037,403324,"Los Angeles County, California",915.0,37859.0
06037403325,4864,115778,06,037,403325,"Los Angeles County, California",460.0,14133.0
06037403326,2434,127794,06,037,403326,"Los Angeles County, California",328.0,38717.0
06037403327,2431,128917,06,037,403327,"Los Angeles County, California",242.0,13265.0
06037403328,5435,91985,06,037,403328,"Los Angeles County, California",501.0,29144.0
06037403401,4895,111033,06,037,403401,"Los Angeles County, California",507.0,29433.0
06037403402,3292,99479,06,037,403402,"Los Angeles County, California",347.0,13909.0
06037403403,5228,151818,06,037,403403,"Los Angeles County, California",555.0,27385.0
06037403404,2329,128125,06,037,403404,"Los Angeles County, California",254.0,38726.0
06037403407,2193,156438,06,037,403407,"Los Angeles County, California",319.0,23975.0
06037403408,6156,134292,06,037,403408,"Los Angeles County, California",606.0,11037.0
06037403409,4119,125938,06,037,403409,"Los Angeles County, California",420.0,30347.0
06037403500,1497,109038,06,037,403500,"Los Angeles County, California",251.0,21737.0
06037403601,7006,108406,06,037,403601,"Los Angeles County, California",1181.0,4561.0
06037403702,4084,116594,06,037,403702,"Los Angeles County, California",671.0,13172.0
06037403703,4707,119667,06,037,403703,"Los Angeles County, California",620.0,22605.0
06037403721,5469,82708,06,037,403721,"Los Angeles County, California",862.0,23251.0
06037403722,5430,68455,06,037,403722,"Los Angeles County, California",648.0,11470.0
06037403801,5653,84135,06,037,403801,"Los Angeles County, California",623.0,12090.0
06037403802,6547,84455,06,037,403802,"Los Angeles County, California",705.0,8389.0
06037403901,3091,107368,06,037,403901,"Los Angeles County, California",272.0,18623.0
06037403902,5232,103929,06,037,403902,"Los Angeles County, California",789.0,34790.0
06037404000,4696,97250,06,037,404000,"Los Angeles County, California",633.0,18161.0
06037404100,6270,71575,06,037,404100,"Los Angeles County, California",917.0,17643.0
06037404201,3419,62841,06,037,404201,"Los Angeles County, California",338.0,9044.0
06037404203,4309,75333,06,037,404203,"Los Angeles County, California",572.0,10897.0
06037404301,5920,67716,06,037,404301,"Los Angeles County, California",874.0,14430.0
06037404302,2202,83523,06,037,404302,"Los Angeles County, California",354.0,19835.0
06037404401,3807,92250,06,037,404401,"Los Angeles County, California",593.0,13414.0
06037404402,4623,90400,06,037,404402,"Los Angeles County, California",638.0,13552.0
06037404501,2786,59648,06,037,404501,"Los Angeles County, California",510.0,11987.0
06037404503,2875,86417,06,037,404503,"Los Angeles County, California",436.0,11274.0
06037404504,5291,72000,06,037,404504,"Los Angeles County, California",784.0,12952.0
06037404600,1343,101181,06,037,404600,"Los Angeles County, California",200.0,10850.0
06037404701,5646,92946,06,037,404701,"Los Angeles County, California",756.0,4518.0
06037404702,4807,69157,06,037,404702,"Los Angeles County, California",491.0,17669.0
06037404703,3189,79875,06,037,404703,"Los Angeles County, California",508.0,19846.0
06037404804,4487,78750,06,037,404804,"Los Angeles County, California",593.0,14736.0
06037404805,2972,60868,06,037,404805,"Los Angeles County, California",569.0,6134.0
06037404806,5862,76555,06,037,404806,"Los Angeles County, California",745.0,9694.0
06037404901,5640,91364,06,037,404901,"Los Angeles County, California",878.0,26742.0
06037404902,3358,78056,06,037,404902,"Los Angeles County, California",364.0,10682.0
06037404903,2520,71023,06,037,404903,"Los Angeles County, California",259.0,11910.0
06037405001,5621,77969,06,037,405001,"Los Angeles County, California",654.0,3827.0
06037405002,3346,69609,06,037,405002,"Los Angeles County, California",534.0,18280.0
06037405101,5120,74400,06,037,405101,"Los Angeles County, California",935.0,13863.0
06037405102,4902,65119,06,037,405102,"Los Angeles County, California",588.0,16692.0
06037405201,5307,66563,06,037,405201,"Los Angeles County, California",736.0,16742.0
06037405202,4631,71835,06,037,405202,"Los Angeles County, California",781.0,14287.0
06037405203,3086,89464,06,037,405203,"Los Angeles County, California",324.0,24576.0
06037405301,3108,76250,06,037,405301,"Los Angeles County, California",337.0,8914.0
06037405302,5650,92706,06,037,405302,"Los Angeles County, California",715.0,15809.0
06037405400,4807,107411,06,037,405400,"Los Angeles County, California",637.0,33291.0
06037405500,6333,88472,06,037,405500,"Los Angeles County, California",855.0,19505.0
06037405600,5613,105750,06,037,405600,"Los Angeles County, California",743.0,29928.0
06037405701,3839,99101,06,037,405701,"Los Angeles County, California",600.0,13277.0
06037405702,5319,92663,06,037,405702,"Los Angeles County, California",947.0,14649.0
06037405800,5590,92217,06,037,405800,"Los Angeles County, California",735.0,11394.0
06037405900,4212,75951,06,037,405900,"Los Angeles County, California",521.0,16956.0
06037406000,5345,92577,06,037,406000,"Los Angeles County, California",732.0,11329.0
06037406101,3125,78625,06,037,406101,"Los Angeles County, California",504.0,18810.0
06037406103,8173,80590,06,037,406103,"Los Angeles County, California",940.0,15822.0
06037406201,3505,47390,06,037,406201,"Los Angeles County, California",716.0,10725.0
06037406300,6131,97324,06,037,406300,"Los Angeles County, California",598.0,43064.0
06037406413,6473,97773,06,037,406413,"Los Angeles County, California",547.0,7762.0
06037406500,7682,95840,06,037,406500,"Los Angeles County, California",1085.0,14109.0
06037406601,4923,104360,06,037,406601,"Los Angeles County, California",576.0,19146.0
06037406602,4846,101351,06,037,406602,"Los Angeles County, California",853.0,14369.0
06037406701,3357,93980,06,037,406701,"Los Angeles County, California",638.0,21324.0
06037406702,6512,97688,06,037,406702,"Los Angeles County, California",668.0,23117.0
06037406801,4932,107396,06,037,406801,"Los Angeles County, California",669.0,22732.0
06037406903,7708,80872,06,037,406903,"Los Angeles County, California",855.0,17826.0
06037407001,5971,83941,06,037,407001,"Los Angeles County, California",835.0,7599.0
06037407002,3490,82115,06,037,407002,"Los Angeles County, California",525.0,24922.0
06037407101,4633,73438,06,037,407101,"Los Angeles County, California",687.0,28687.0
06037407102,5332,87738,06,037,407102,"Los Angeles County, California",636.0,18907.0
06037407201,3571,89583,06,037,407201,"Los Angeles County, California",528.0,29245.0
06037407202,3035,73529,06,037,407202,"Los Angeles County, California",528.0,22086.0
06037407301,3889,79583,06,037,407301,"Los Angeles County, California",540.0,12053.0
06037407302,3421,88477,06,037,407302,"Los Angeles County, California",820.0,22310.0
06037407400,1989,121023,06,037,407400,"Los Angeles County, California",337.0,14439.0
06037407501,3919,75000,06,037,407501,"Los Angeles County, California",648.0,22377.0
06037407502,4007,102868,06,037,407502,"Los Angeles County, California",554.0,19816.0
06037407601,3922,68796,06,037,407601,"Los Angeles County, California",633.0,23023.0
06037407602,4126,95875,06,037,407602,"Los Angeles County, California",579.0,17235.0
06037407701,4355,65733,06,037,407701,"Los Angeles County, California",453.0,15683.0
06037407702,6635,86182,06,037,407702,"Los Angeles County, California",880.0,21045.0
06037407801,5157,95670,06,037,407801,"Los Angeles County, California",998.0,30410.0
06037407802,3386,115745,06,037,407802,"Los Angeles County, California",500.0,13092.0
06037407901,4374,102390,06,037,407901,"Los Angeles County, California",731.0,21664.0
06037407902,1542,82404,06,037,407902,"Los Angeles County, California",314.0,32759.0
06037408003,4790,105446,06,037,408003,"Los Angeles County, California",597.0,17778.0
06037408004,2497,88125,06,037,408004,"Los Angeles County, California",613.0,12846.0
06037408005,5271,126597,06,037,408005,"Los Angeles County, California",631.0,18175.0
06037408006,3717,94693,06,037,408006,"Los Angeles County, California",482.0,14576.0
06037408133,6227,99500,06,037,408133,"Los Angeles County, California",955.0,22841.0
06037408134,2823,123542,06,037,408134,"Los Angeles County, California",411.0,31530.0
06037408135,4249,83330,06,037,408135,"Los Angeles County, California",907.0,9154.0
06037408136,3716,121076,06,037,408136,"Los Angeles County, California",395.0,6392.0
06037408137,4202,82571,06,037,408137,"Los Angeles County, California",524.0,15635.0
06037408138,5035,78696,06,037,408138,"Los Angeles County, California",637.0,19171.0
06037408139,4581,89423,06,037,408139,"Los Angeles County, California",654.0,24548.0
06037408140,3639,73432,06,037,408140,"Los Angeles County, California",712.0,7625.0
06037408141,4692,92459,06,037,408141,"Los Angeles County, California",601.0,7924.0
06037408212,4641,69645,06,037,408212,"Los Angeles County, California",660.0,25560.0
06037408213,5847,74519,06,037,408213,"Los Angeles County, California",731.0,12336.0
06037408301,6016,80221,06,037,408301,"Los Angeles County, California",866.0,20528.0
06037408302,3589,100850,06,037,408302,"Los Angeles County, California",525.0,22032.0
06037408303,4502,108621,06,037,408303,"Los Angeles County, California",764.0,20325.0
06037408401,4467,87850,06,037,408401,"Los Angeles County, California",670.0,25769.0
06037408402,6606,114583,06,037,408402,"Los Angeles County, California",725.0,23234.0
06037408503,7037,135179,06,037,408503,"Los Angeles County, California",989.0,11659.0
06037408504,5262,97448,06,037,408504,"Los Angeles County, California",722.0,12519.0
06037408505,2546,105167,06,037,408505,"Los Angeles County, California",324.0,18069.0
06037408623,3232,93036,06,037,408623,"Los Angeles County, California",427.0,24770.0
06037408624,3027,111141,06,037,408624,"Los Angeles County, California",424.0,31357.0
06037408625,3807,129643,06,037,408625,"Los Angeles County, California",387.0,11892.0
06037408626,3717,98274,06,037,408626,"Los Angeles County, California",517.0,21016.0
06037408627,2861,115563,06,037,408627,"Los Angeles County, California",333.0,36126.0
06037408628,5358,76587,06,037,408628,"Los Angeles County, California",732.0,15742.0
06037408629,3053,119231,06,037,408629,"Los Angeles County, California",308.0,29028.0
06037408631,5195,90263,06,037,408631,"Los Angeles County, California",901.0,24470.0
06037408703,5743,152143,06,037,408703,"Los Angeles County, California",497.0,35518.0
06037408705,5580,79798,06,037,408705,"Los Angeles County, California",892.0,12921.0
06037408707,6618,126069,06,037,408707,"Los Angeles County, California",737.0,15428.0
06037408722,4210,109567,06,037,408722,"Los Angeles County, California",557.0,25286.0
06037408724,5362,59059,06,037,408724,"Los Angeles County, California",673.0,11057.0
06037408725,6075,80469,06,037,408725,"Los Angeles County, California",738.0,10753.0
06037408800,4645,51472,06,037,408800,"Los Angeles County, California",617.0,12126.0
06037408900,5826,76908,06,037,408900,"Los Angeles County, California",593.0,31937.0
06037409000,7673,71411,06,037,409000,"Los Angeles County, California",1155.0,17533.0
06037409100,5470,86950,06,037,409100,"Los Angeles County, California",660.0,15255.0
06037430003,4855,140588,06,037,430003,"Los Angeles County, California",746.0,19626.0
06037430004,3129,90124,06,037,430004,"Los Angeles County, California",424.0,9431.0
06037430005,3849,118569,06,037,430005,"Los Angeles County, California",503.0,18274.0
06037430101,4841,58017,06,037,430101,"Los Angeles County, California",507.0,3972.0
06037430102,5012,91552,06,037,430102,"Los Angeles County, California",648.0,9468.0
06037430200,1037,121875,06,037,430200,"Los Angeles County, California",148.0,11657.0
06037430301,4548,144970,06,037,430301,"Los Angeles County, California",705.0,12789.0
06037430302,5054,106138,06,037,430302,"Los Angeles County, California",516.0,21867.0
06037430400,4358,181250,06,037,430400,"Los Angeles County, California",549.0,57781.0
06037430501,4609,175444,06,037,430501,"Los Angeles County, California",557.0,21237.0
06037430502,6542,94151,06,037,430502,"Los Angeles County, California",552.0,30246.0
06037430600,4567,182682,06,037,430600,"Los Angeles County, California",578.0,36136.0
06037430701,5224,103906,06,037,430701,"Los Angeles County, California",606.0,22448.0
06037430721,3403,76300,06,037,430721,"Los Angeles County, California",515.0,28583.0
06037430723,4967,73550,06,037,430723,"Los Angeles County, California",819.0,17053.0
06037430724,5190,100392,06,037,430724,"Los Angeles County, California",637.0,14947.0
06037430801,6867,109861,06,037,430801,"Los Angeles County, California",1053.0,52831.0
06037430802,4199,134073,06,037,430802,"Los Angeles County, California",585.0,19700.0
06037430803,5012,107269,06,037,430803,"Los Angeles County, California",589.0,26276.0
06037430901,4389,81496,06,037,430901,"Los Angeles County, California",431.0,6940.0
06037430902,5304,97500,06,037,430902,"Los Angeles County, California",574.0,12328.0
06037431002,2907,65781,06,037,431002,"Los Angeles County, California",299.0,13881.0
06037431003,4705,83438,06,037,431003,"Los Angeles County, California",1273.0,17084.0
06037431004,3462,87556,06,037,431004,"Los Angeles County, California",371.0,11880.0
06037431100,7062,107070,06,037,431100,"Los Angeles County, California",900.0,24372.0
06037431200,6276,100417,06,037,431200,"Los Angeles County, California",771.0,24951.0
06037431300,2543,109250,06,037,431300,"Los Angeles County, California",377.0,24683.0
06037431400,3738,79000,06,037,431400,"Los Angeles County, California",611.0,37712.0
06037431501,4068,59858,06,037,431501,"Los Angeles County, California",423.0,8286.0
06037431502,4430,99219,06,037,431502,"Los Angeles County, California",720.0,27443.0
06037431600,3810,103295,06,037,431600,"Los Angeles County, California",603.0,21655.0
06037431701,6343,111624,06,037,431701,"Los Angeles County, California",828.0,34395.0
06037431800,5040,72750,06,037,431800,"Los Angeles County, California",664.0,32298.0
06037431900,3615,83897,06,037,431900,"Los Angeles County, California",552.0,19645.0
06037432001,2231,92500,06,037,432001,"Los Angeles County, California",277.0,9071.0
06037432002,5354,74000,06,037,432002,"Los Angeles County, California",777.0,26955.0
06037432101,4813,115944,06,037,432101,"Los Angeles County, California",683.0,14323.0
06037432102,5736,106915,06,037,432102,"Los Angeles County, California",649.0,16270.0
06037432201,4500,98607,06,037,432201,"Los Angeles County, California",936.0,29694.0
06037432202,3922,81875,06,037,432202,"Los Angeles County, California",456.0,16272.0
06037432300,3922,73250,06,037,432300,"Los Angeles County, California",824.0,30260.0
06037432401,3951,75000,06,037,432401,"Los Angeles County, California",687.0,13769.0
06037432402,5480,56732,06,037,432402,"Los Angeles County, California",843.0,7692.0
06037432501,4450,70114,06,037,432501,"Los Angeles County, California",561.0,29850.0
06037432502,4024,108587,06,037,432502,"Los Angeles County, California",1050.0,31871.0
06037432601,6489,69214,06,037,432601,"Los Angeles County, California",871.0,28060.0
06037432602,4478,62361,06,037,432602,"Los Angeles County, California",570.0,26113.0
06037432700,4808,65747,06,037,432700,"Los Angeles County, California",842.0,6888.0
06037432801,2401,31442,06,037,432801,"Los Angeles County, California",309.0,5693.0
06037432802,5523,54507,06,037,432802,"Los Angeles County, California",1016.0,9879.0
06037432901,4034,70240,06,037,432901,"Los Angeles County, California",600.0,21887.0
06037432902,3026,81111,06,037,432902,"Los Angeles County, California",361.0,16079.0
06037433103,7149,62235,06,037,433103,"Los Angeles County, California",636.0,11323.0
06037433200,5981,68778,06,037,433200,"Los Angeles County, California",737.0,12309.0
06037433302,1867,57542,06,037,433302,"Los Angeles County, California",486.0,10264.0
06037433304,4320,41875,06,037,433304,"Los Angeles County, California",533.0,14064.0
06037433305,4614,41770,06,037,433305,"Los Angeles County, California",635.0,8468.0
06037433306,3137,55543,06,037,433306,"Los Angeles County, California",389.0,8891.0
06037433307,2798,71354,06,037,433307,"Los Angeles County, California",327.0,13006.0
06037433402,4627,62064,06,037,433402,"Los Angeles County, California",728.0,13610.0
06037433403,5141,55576,06,037,433403,"Los Angeles County, California",612.0,6809.0
06037433505,4390,58301,06,037,433505,"Los Angeles County, California",789.0,10854.0
06037433506,3838,45212,06,037,433506,"Los Angeles County, California",476.0,8958.0
06037433601,5121,74783,06,037,433601,"Los Angeles County, California",601.0,9335.0
06037433602,2757,59297,06,037,433602,"Los Angeles County, California",390.0,17270.0
06037433803,3181,83561,06,037,433803,"Los Angeles County, California",439.0,12832.0
06037433804,4660,55909,06,037,433804,"Los Angeles County, California",674.0,18427.0
06037433901,5556,67632,06,037,433901,"Los Angeles County, California",613.0,12868.0
06037433903,5146,57936,06,037,433903,"Los Angeles County, California",701.0,12856.0
06037434001,4381,65694,06,037,434001,"Los Angeles County, California",580.0,27087.0
06037434003,3886,70313,06,037,434003,"Los Angeles County, California",429.0,9449.0
06037434004,3109,104688,06,037,434004,"Los Angeles County, California",529.0,17310.0
06037434100,6102,71205,06,037,434100,"Los Angeles County, California",568.0,16790.0
06037460001,1918,227083,06,037,460001,"Los Angeles County, California",411.0,112579.0
06037460002,2782,186369,06,037,460002,"Los Angeles County, California",252.0,23375.0
06037460101,5817,175099,06,037,460101,"Los Angeles County, California",892.0,48199.0
06037460200,5785,138804,06,037,460200,"Los Angeles County, California",1169.0,29005.0
06037460301,4797,174306,06,037,460301,"Los Angeles County, California",592.0,19373.0
06037460302,4257,68750,06,037,460302,"Los Angeles County, California",876.0,27811.0
06037460401,1000,116000,06,037,460401,"Los Angeles County, California",153.0,26173.0
06037460501,5306,204125,06,037,460501,"Los Angeles County, California",466.0,22143.0
06037460502,4771,250001,06,037,460502,"Los Angeles County, California",783.0,
06037460601,5199,191319,06,037,460601,"Los Angeles County, California",432.0,28527.0
06037460700,5102,212667,06,037,460700,"Los Angeles County, California",602.0,31883.0
06037460800,2860,250001,06,037,460800,"Los Angeles County, California",416.0,
06037460900,6720,89511,06,037,460900,"Los Angeles County, California",786.0,13554.0
06037461000,5788,120519,06,037,461000,"Los Angeles County, California",815.0,14012.0
06037461100,5055,124605,06,037,461100,"Los Angeles County, California",617.0,21742.0
06037461200,4217,167500,06,037,461200,"Los Angeles County, California",458.0,38089.0
06037461300,6572,93849,06,037,461300,"Los Angeles County, California",804.0,34091.0
06037461400,2736,78594,06,037,461400,"Los Angeles County, California",449.0,15426.0
06037461501,3615,92750,06,037,461501,"Los Angeles County, California",481.0,23116.0
06037461502,6245,70905,06,037,461502,"Los Angeles County, California",653.0,16950.0
06037461600,5495,69205,06,037,461600,"Los Angeles County, California",818.0,14923.0
06037461700,1386,142708,06,037,461700,"Los Angeles County, California",257.0,42753.0
06037461901,4796,53563,06,037,461901,"Los Angeles County, California",903.0,12943.0
06037461902,2000,39643,06,037,461902,"Los Angeles County, California",279.0,25630.0
06037462001,4280,84408,06,037,462001,"Los Angeles County, California",702.0,10589.0
06037462002,3893,39132,06,037,462002,"Los Angeles County, California",460.0,14983.0
06037462100,4808,87731,06,037,462100,"Los Angeles County, California",784.0,11386.0
06037462201,3957,44327,06,037,462201,"Los Angeles County, California",585.0,18103.0
06037462202,2951,98294,06,037,462202,"Los Angeles County, California",536.0,6877.0
06037462301,4504,81985,06,037,462301,"Los Angeles County, California",531.0,6183.0
06037462302,3338,69408,06,037,462302,"Los Angeles County, California",537.0,12536.0
06037462400,3874,132957,06,037,462400,"Los Angeles County, California",519.0,26585.0
06037462500,6454,118409,06,037,462500,"Los Angeles County, California",724.0,40630.0
06037462600,2349,163750,06,037,462600,"Los Angeles County, California",336.0,68124.0
06037462700,5539,73333,06,037,462700,"Los Angeles County, California",613.0,27207.0
06037462800,2875,102614,06,037,462800,"Los Angeles County, California",467.0,12901.0
06037462900,3828,120444,06,037,462900,"Los Angeles County, California",471.0,18556.0
06037463000,2748,123750,06,037,463000,"Los Angeles County, California",402.0,26389.0
06037463103,5474,100985,06,037,463103,"Los Angeles County, California",757.0,14000.0
06037463200,3428,94083,06,037,463200,"Los Angeles County, California",433.0,13483.0
06037463300,1934,132500,06,037,463300,"Los Angeles County, California",331.0,25180.0
06037463400,5547,116161,06,037,463400,"Los Angeles County, California",704.0,17301.0
06037463500,6063,104338,06,037,463500,"Los Angeles County, California",765.0,25299.0
06037463601,5924,85827,06,037,463601,"Los Angeles County, California",637.0,15318.0
06037463602,5682,107888,06,037,463602,"Los Angeles County, California",739.0,23816.0
06037463700,3473,174943,06,037,463700,"Los Angeles County, California",415.0,12259.0
06037463800,4001,212250,06,037,463800,"Los Angeles County, California",560.0,36308.0
06037463900,3185,126847,06,037,463900,"Los Angeles County, California",416.0,17095.0
06037464000,5387,134205,06,037,464000,"Los Angeles County, California",674.0,21360.0
06037464101,2014,170217,06,037,464101,"Los Angeles County, California",477.0,25339.0
06037464102,4618,231339,06,037,464102,"Los Angeles County, California",1189.0,80169.0
06037464200,5810,160969,06,037,464200,"Los Angeles County, California",1000.0,39360.0
06037480002,3936,138372,06,037,480002,"Los Angeles County, California",612.0,28386.0
06037480011,5154,91563,06,037,480011,"Los Angeles County, California",557.0,21329.0
06037480012,4908,104360,06,037,480012,"Los Angeles County, California",548.0,14022.0
06037480101,4218,94798,06,037,480101,"Los Angeles County, California",550.0,17492.0
06037480102,4059,105677,06,037,480102,"Los Angeles County, California",506.0,8495.0
06037480201,3644,135114,06,037,480201,"Los Angeles County, California",397.0,34511.0
06037480202,2756,109659,06,037,480202,"Los Angeles County, California",327.0,36232.0
06037480302,4384,102693,06,037,480302,"Los Angeles County, California",385.0,19283.0
06037480303,4387,89340,06,037,480303,"Los Angeles County, California",483.0,7254.0
06037480304,4426,68867,06,037,480304,"Los Angeles County, California",457.0,13464.0
06037480400,5517,86319,06,037,480400,"Los Angeles County, California",720.0,19504.0
06037480500,5417,136359,06,037,480500,"Los Angeles County, California",549.0,41655.0
06037480601,4188,103679,06,037,480601,"Los Angeles County, California",354.0,11647.0
06037480602,4149,143686,06,037,480602,"Los Angeles County, California",520.0,46289.0
06037480702,4564,175588,06,037,480702,"Los Angeles County, California",396.0,29271.0
06037480703,4156,170507,06,037,480703,"Los Angeles County, California",611.0,30497.0
06037480704,4109,110167,06,037,480704,"Los Angeles County, California",472.0,20129.0
06037480802,3238,112904,06,037,480802,"Los Angeles County, California",395.0,27625.0
06037480803,3145,110362,06,037,480803,"Los Angeles County, California",364.0,34360.0
06037480804,4695,83452,06,037,480804,"Los Angeles County, California",690.0,12486.0
06037480901,4207,75170,06,037,480901,"Los Angeles County, California",475.0,14608.0
06037480902,4318,59219,06,037,480902,"Los Angeles County, California",722.0,31468.0
06037480903,3116,81375,06,037,480903,"Los Angeles County, California",443.0,24065.0
06037481001,4679,68340,06,037,481001,"Los Angeles County, California",669.0,12896.0
06037481002,5571,81648,06,037,481002,"Los Angeles County, California",640.0,9941.0
06037481101,4076,77026,06,037,481101,"Los Angeles County, California",632.0,15596.0
06037481102,3707,71141,06,037,481102,"Los Angeles County, California",343.0,9751.0
06037481103,5224,72083,06,037,481103,"Los Angeles County, California",784.0,20877.0
06037481201,4218,92111,06,037,481201,"Los Angeles County, California",587.0,10568.0
06037481203,6170,77108,06,037,481203,"Los Angeles County, California",870.0,6406.0
06037481300,3338,81563,06,037,481300,"Los Angeles County, California",400.0,14738.0
06037481401,5198,81761,06,037,481401,"Los Angeles County, California",572.0,11056.0
06037481403,3316,75548,06,037,481403,"Los Angeles County, California",1062.0,32409.0
06037481404,3933,80962,06,037,481404,"Los Angeles County, California",556.0,21823.0
06037481500,4159,72596,06,037,481500,"Los Angeles County, California",477.0,14666.0
06037481603,3450,79884,06,037,481603,"Los Angeles County, California",500.0,22168.0
06037481604,3980,83958,06,037,481604,"Los Angeles County, California",592.0,26015.0
06037481605,2806,96333,06,037,481605,"Los Angeles County, California",377.0,18322.0
06037481606,5003,66280,06,037,481606,"Los Angeles County, California",601.0,10453.0
06037481711,4609,54688,06,037,481711,"Los Angeles County, California",655.0,10839.0
06037481712,5177,46094,06,037,481712,"Los Angeles County, California",736.0,14544.0
06037481713,2876,72443,06,037,481713,"Los Angeles County, California",452.0,35463.0
06037481714,2742,44821,06,037,481714,"Los Angeles County, California",274.0,9001.0
06037481800,2307,101250,06,037,481800,"Los Angeles County, California",305.0,44073.0
06037481901,5652,96881,06,037,481901,"Los Angeles County, California",561.0,9577.0
06037481902,3255,74608,06,037,481902,"Los Angeles County, California",463.0,11579.0
06037482001,2676,121736,06,037,482001,"Los Angeles County, California",271.0,38350.0
06037482002,7210,94748,06,037,482002,"Los Angeles County, California",773.0,20399.0
06037482101,4373,85469,06,037,482101,"Los Angeles County, California",551.0,21362.0
06037482102,3188,106321,06,037,482102,"Los Angeles County, California",467.0,24544.0
06037482201,3922,56193,06,037,482201,"Los Angeles County, California",645.0,7432.0
06037482202,5022,56930,06,037,482202,"Los Angeles County, California",742.0,13293.0
06037482301,5176,78472,06,037,482301,"Los Angeles County, California",1161.0,15330.0
06037482303,5075,65742,06,037,482303,"Los Angeles County, California",546.0,10865.0
06037482304,2842,58099,06,037,482304,"Los Angeles County, California",477.0,9176.0
06037482401,3600,63750,06,037,482401,"Los Angeles County, California",303.0,15950.0
06037482403,3172,47610,06,037,482403,"Los Angeles County, California",497.0,13870.0
06037482404,3428,64828,06,037,482404,"Los Angeles County, California",905.0,39529.0
06037482502,3519,65272,06,037,482502,"Los Angeles County, California",524.0,12283.0
06037482503,3808,67268,06,037,482503,"Los Angeles County, California",665.0,29520.0
06037482521,5279,75464,06,037,482521,"Los Angeles County, California",753.0,7164.0
06037482522,4404,87775,06,037,482522,"Los Angeles County, California",622.0,24418.0
06037482600,6377,102283,06,037,482600,"Los Angeles County, California",961.0,17162.0
06037482701,3807,77628,06,037,482701,"Los Angeles County, California",449.0,12107.0
06037482702,2462,83594,06,037,482702,"Los Angeles County, California",339.0,16225.0
06037482801,4069,95556,06,037,482801,"Los Angeles County, California",652.0,42758.0
06037500100,3601,197250,06,037,500100,"Los Angeles County, California",454.0,39050.0
06037500202,4827,125341,06,037,500202,"Los Angeles County, California",686.0,46783.0
06037500203,4178,128224,06,037,500203,"Los Angeles County, California",502.0,30359.0
06037500204,2256,171029,06,037,500204,"Los Angeles County, California",387.0,73630.0
06037500300,2870,135625,06,037,500300,"Los Angeles County, California",337.0,41043.0
06037500402,4766,69563,06,037,500402,"Los Angeles County, California",920.0,23547.0
06037500403,3497,90625,06,037,500403,"Los Angeles County, California",440.0,37450.0
06037500404,4173,84618,06,037,500404,"Los Angeles County, California",523.0,27973.0
06037500500,2891,75469,06,037,500500,"Los Angeles County, California",403.0,12409.0
06037500600,5286,75639,06,037,500600,"Los Angeles County, California",779.0,16621.0
06037500700,7177,85625,06,037,500700,"Los Angeles County, California",783.0,14597.0
06037500800,5149,107798,06,037,500800,"Los Angeles County, California",851.0,29143.0
06037500900,5625,50469,06,037,500900,"Los Angeles County, California",659.0,24418.0
06037501001,3110,95600,06,037,501001,"Los Angeles County, California",558.0,15331.0
06037501002,4469,102500,06,037,501002,"Los Angeles County, California",511.0,11002.0
06037501200,5134,98015,06,037,501200,"Los Angeles County, California",656.0,22113.0
06037501301,3067,81488,06,037,501301,"Los Angeles County, California",586.0,25961.0
06037501302,4425,96941,06,037,501302,"Los Angeles County, California",613.0,7720.0
06037501400,3093,64444,06,037,501400,"Los Angeles County, California",483.0,22183.0
06037501501,2022,120679,06,037,501501,"Los Angeles County, California",241.0,8266.0
06037501503,5517,77480,06,037,501503,"Los Angeles County, California",779.0,10966.0
06037501504,3395,44038,06,037,501504,"Los Angeles County, California",426.0,17811.0
06037501600,7041,109583,06,037,501600,"Los Angeles County, California",711.0,33808.0
06037501700,3895,112679,06,037,501700,"Los Angeles County, California",425.0,59628.0
06037501802,3360,86458,06,037,501802,"Los Angeles County, California",413.0,16423.0
06037501803,4970,58532,06,037,501803,"Los Angeles County, California",916.0,5231.0
06037501804,2266,53092,06,037,501804,"Los Angeles County, California",265.0,10893.0
06037501900,4321,94107,06,037,501900,"Los Angeles County, California",578.0,27784.0
06037502003,2633,74722,06,037,502003,"Los Angeles County, California",320.0,19105.0
06037502004,4061,70625,06,037,502004,"Los Angeles County, California",613.0,9961.0
06037502005,4480,82452,06,037,502005,"Los Angeles County, California",808.0,13142.0
06037502100,4956,85333,06,037,502100,"Los Angeles County, California",498.0,13563.0
06037502200,6994,103650,06,037,502200,"Los Angeles County, California",822.0,16690.0
06037502303,8377,63775,06,037,502303,"Los Angeles County, California",1262.0,12089.0
06037502401,5136,81202,06,037,502401,"Los Angeles County, California",769.0,24524.0
06037502402,3494,88598,06,037,502402,"Los Angeles County, California",323.0,16990.0
06037502500,4096,74484,06,037,502500,"Los Angeles County, California",521.0,19981.0
06037502602,4178,64563,06,037,502602,"Los Angeles County, California",497.0,17376.0
06037502603,3259,111354,06,037,502603,"Los Angeles County, California",638.0,35262.0
06037502604,3907,105139,06,037,502604,"Los Angeles County, California",612.0,34794.0
06037502700,7269,89079,06,037,502700,"Los Angeles County, California",623.0,11065.0
06037502801,6452,97750,06,037,502801,"Los Angeles County, California",592.0,17582.0
06037502901,5821,111149,06,037,502901,"Los Angeles County, California",706.0,16055.0
06037503000,5836,94292,06,037,503000,"Los Angeles County, California",769.0,23264.0
06037503103,5646,104474,06,037,503103,"Los Angeles County, California",747.0,16588.0
06037503104,2493,79564,06,037,503104,"Los Angeles County, California",587.0,7992.0
06037503105,3589,112750,06,037,503105,"Los Angeles County, California",540.0,14760.0
06037503106,3755,86101,06,037,503106,"Los Angeles County, California",528.0,16523.0
06037503201,3956,117708,06,037,503201,"Los Angeles County, California",795.0,15364.0
06037503202,4529,91167,06,037,503202,"Los Angeles County, California",762.0,21127.0
06037503301,3601,138850,06,037,503301,"Los Angeles County, California",707.0,28979.0
06037503302,5889,85332,06,037,503302,"Los Angeles County, California",588.0,10397.0
06037503401,7421,102219,06,037,503401,"Los Angeles County, California",1186.0,30682.0
06037503402,3860,115382,06,037,503402,"Los Angeles County, California",390.0,14645.0
06037503501,7151,92292,06,037,503501,"Los Angeles County, California",1612.0,17439.0
06037503502,4234,118125,06,037,503502,"Los Angeles County, California",576.0,24129.0
06037503601,4317,110141,06,037,503601,"Los Angeles County, California",543.0,12304.0
06037503602,4110,151344,06,037,503602,"Los Angeles County, California",338.0,30180.0
06037503701,4861,78017,06,037,503701,"Los Angeles County, California",476.0,19575.0
06037503702,5387,97238,06,037,503702,"Los Angeles County, California",593.0,16467.0
06037503704,4364,70714,06,037,503704,"Los Angeles County, California",669.0,35790.0
06037503705,2671,111029,06,037,503705,"Los Angeles County, California",460.0,30066.0
06037503801,3622,89500,06,037,503801,"Los Angeles County, California",411.0,22891.0
06037503802,5277,101706,06,037,503802,"Los Angeles County, California",623.0,3200.0
06037503901,2275,120391,06,037,503901,"Los Angeles County, California",195.0,27238.0
06037503902,5367,111250,06,037,503902,"Los Angeles County, California",685.0,16017.0
06037504001,5265,59623,06,037,504001,"Los Angeles County, California",618.0,37178.0
06037504002,5457,128375,06,037,504002,"Los Angeles County, California",620.0,22377.0
06037504101,4919,92604,06,037,504101,"Los Angeles County, California",581.0,23004.0
06037504200,7427,63542,06,037,504200,"Los Angeles County, California",633.0,16852.0
06037530005,3386,117548,06,037,530005,"Los Angeles County, California",327.0,21595.0
06037530006,4913,79259,06,037,530006,"Los Angeles County, California",648.0,19349.0
06037530007,6539,86943,06,037,530007,"Los Angeles County, California",621.0,18720.0
06037530101,5452,49459,06,037,530101,"Los Angeles County, California",594.0,13950.0
06037530102,4706,49979,06,037,530102,"Los Angeles County, California",593.0,6181.0
06037530202,4176,107550,06,037,530202,"Los Angeles County, California",485.0,29190.0
06037530203,2520,49355,06,037,530203,"Los Angeles County, California",269.0,5819.0
06037530204,4044,78370,06,037,530204,"Los Angeles County, California",745.0,27150.0
06037530301,2167,59208,06,037,530301,"Los Angeles County, California",368.0,5813.0
06037530302,6424,57097,06,037,530302,"Los Angeles County, California",787.0,19152.0
06037530400,3723,52617,06,037,530400,"Los Angeles County, California",830.0,19102.0
06037530500,4103,68306,06,037,530500,"Los Angeles County, California",555.0,12221.0
06037530603,4419,84592,06,037,530603,"Los Angeles County, California",500.0,16294.0
06037530700,2152,77692,06,037,530700,"Los Angeles County, California",420.0,18642.0
06037530801,5773,83367,06,037,530801,"Los Angeles County, California",951.0,21610.0
06037530802,3190,72188,06,037,530802,"Los Angeles County, California",343.0,18725.0
06037530901,3916,59830,06,037,530901,"Los Angeles County, California",527.0,25573.0
06037530902,4058,40582,06,037,530902,"Los Angeles County, California",703.0,10006.0
06037531000,5136,71012,06,037,531000,"Los Angeles County, California",677.0,14509.0
06037531101,4833,68107,06,037,531101,"Los Angeles County, California",928.0,13829.0
06037531102,2485,46278,06,037,531102,"Los Angeles County, California",295.0,6618.0
06037531201,4118,64679,06,037,531201,"Los Angeles County, California",695.0,13117.0
06037531202,4252,60703,06,037,531202,"Los Angeles County, California",926.0,17994.0
06037531301,5360,49422,06,037,531301,"Los Angeles County, California",992.0,8677.0
06037531302,5549,50600,06,037,531302,"Los Angeles County, California",776.0,14434.0
06037531502,3085,47301,06,037,531502,"Los Angeles County, California",499.0,15209.0
06037531503,2652,67917,06,037,531503,"Los Angeles County, California",418.0,19551.0
06037531504,4097,71250,06,037,531504,"Los Angeles County, California",616.0,26015.0
06037531602,3819,49896,06,037,531602,"Los Angeles County, California",736.0,16495.0
06037531603,3665,66592,06,037,531603,"Los Angeles County, California",524.0,5979.0
06037531604,3255,46012,06,037,531604,"Los Angeles County, California",423.0,11133.0
06037531701,5692,66629,06,037,531701,"Los Angeles County, California",835.0,22146.0
06037531702,4946,70580,06,037,531702,"Los Angeles County, California",718.0,14222.0
06037531800,4780,84241,06,037,531800,"Los Angeles County, California",859.0,24694.0
06037531901,6531,67817,06,037,531901,"Los Angeles County, California",952.0,12375.0
06037531902,4217,83250,06,037,531902,"Los Angeles County, California",613.0,17411.0
06037532001,3139,67896,06,037,532001,"Los Angeles County, California",506.0,21630.0
06037532002,3414,77250,06,037,532002,"Los Angeles County, California",405.0,14624.0
06037532101,7044,56261,06,037,532101,"Los Angeles County, California",1185.0,9171.0
06037532102,3521,93021,06,037,532102,"Los Angeles County, California",375.0,14083.0
06037532200,6983,75667,06,037,532200,"Los Angeles County, California",814.0,14178.0
06037532302,4588,63466,06,037,532302,"Los Angeles County, California",487.0,11843.0
06037532303,4399,74750,06,037,532303,"Los Angeles County, California",534.0,20813.0
06037532304,4119,58250,06,037,532304,"Los Angeles County, California",472.0,24745.0
06037532500,3833,55194,06,037,532500,"Los Angeles County, California",510.0,14601.0
06037532605,4129,41724,06,037,532605,"Los Angeles County, California",1150.0,25437.0
06037532606,3987,42066,06,037,532606,"Los Angeles County, California",398.0,5217.0
06037532607,4943,47566,06,037,532607,"Los Angeles County, California",523.0,6624.0
06037532700,3306,55948,06,037,532700,"Los Angeles County, California",440.0,11706.0
06037532800,4392,47768,06,037,532800,"Los Angeles County, California",618.0,10694.0
06037532900,6620,42121,06,037,532900,"Los Angeles County, California",1022.0,5329.0
06037533001,4502,59353,06,037,533001,"Los Angeles County, California",860.0,28916.0
06037533002,2403,46579,06,037,533002,"Los Angeles County, California",457.0,5757.0
06037533103,3211,52054,06,037,533103,"Los Angeles County, California",475.0,11097.0
06037533104,4451,47679,06,037,533104,"Los Angeles County, California",795.0,5755.0
06037533105,2419,45990,06,037,533105,"Los Angeles County, California",429.0,12140.0
06037533108,4751,49741,06,037,533108,"Los Angeles County, California",477.0,4957.0
06037533201,2421,67708,06,037,533201,"Los Angeles County, California",407.0,21654.0
06037533204,4451,67500,06,037,533204,"Los Angeles County, California",541.0,5274.0
06037533300,2993,43571,06,037,533300,"Los Angeles County, California",448.0,16285.0
06037533401,4923,61295,06,037,533401,"Los Angeles County, California",684.0,18869.0
06037533402,3770,51053,06,037,533402,"Los Angeles County, California",471.0,22241.0
06037533403,2505,65386,06,037,533403,"Los Angeles County, California",362.0,5835.0
06037533501,2852,74286,06,037,533501,"Los Angeles County, California",427.0,16043.0
06037533504,4045,60947,06,037,533504,"Los Angeles County, California",499.0,4004.0
06037533601,4279,59559,06,037,533601,"Los Angeles County, California",832.0,9740.0
06037533602,4932,51291,06,037,533602,"Los Angeles County, California",665.0,7873.0
06037533603,6407,50774,06,037,533603,"Los Angeles County, California",683.0,12012.0
06037533701,3009,60104,06,037,533701,"Los Angeles County, California",528.0,21171.0
06037533702,3568,62917,06,037,533702,"Los Angeles County, California",463.0,15224.0
06037533703,4241,56190,06,037,533703,"Los Angeles County, California",708.0,27919.0
06037533803,5775,44172,06,037,533803,"Los Angeles County, California",753.0,6412.0
06037533804,3524,58125,06,037,533804,"Los Angeles County, California",459.0,8742.0
06037533805,3816,65987,06,037,533805,"Los Angeles County, California",600.0,15553.0
06037533806,3791,71701,06,037,533806,"Los Angeles County, California",704.0,12163.0
06037533901,5083,51845,06,037,533901,"Los Angeles County, California",496.0,11683.0
06037533902,4454,53810,06,037,533902,"Los Angeles County, California",905.0,9950.0
06037534001,5142,61699,06,037,534001,"Los Angeles County, California",676.0,8076.0
06037534002,4064,66756,06,037,534002,"Los Angeles County, California",528.0,21460.0
06037534101,1931,51976,06,037,534101,"Los Angeles County, California",419.0,8666.0
06037534102,5912,50354,06,037,534102,"Los Angeles County, California",921.0,11915.0
06037534201,4169,50977,06,037,534201,"Los Angeles County, California",843.0,13133.0
06037534202,5258,50450,06,037,534202,"Los Angeles County, California",638.0,11393.0
06037534203,3250,45066,06,037,534203,"Los Angeles County, California",529.0,6469.0
06037534301,4104,48464,06,037,534301,"Los Angeles County, California",573.0,7366.0
06037534302,3861,58831,06,037,534302,"Los Angeles County, California",498.0,10427.0
06037534403,3100,41987,06,037,534403,"Los Angeles County, California",564.0,8902.0
06037534404,3244,57961,06,037,534404,"Los Angeles County, California",385.0,13284.0
06037534405,4000,51228,06,037,534405,"Los Angeles County, California",571.0,6724.0
06037534406,4348,47011,06,037,534406,"Los Angeles County, California",466.0,8403.0
06037534501,5651,57072,06,037,534501,"Los Angeles County, California",1340.0,11949.0
06037534502,3403,73281,06,037,534502,"Los Angeles County, California",481.0,15497.0
06037534700,4448,84375,06,037,534700,"Los Angeles County, California",536.0,16442.0
06037534802,2649,68324,06,037,534802,"Los Angeles County, California",304.0,6688.0
06037534803,4749,72500,06,037,534803,"Los Angeles County, California",500.0,13764.0
06037534804,4363,63261,06,037,534804,"Los Angeles County, California",822.0,13517.0
06037534900,5790,68031,06,037,534900,"Los Angeles County, California",926.0,10915.0
06037535001,4176,45547,06,037,535001,"Los Angeles County, California",522.0,18700.0
06037535002,3670,54318,06,037,535002,"Los Angeles County, California",543.0,13307.0
06037535101,7994,62854,06,037,535101,"Los Angeles County, California",899.0,9349.0
06037535102,4570,63879,06,037,535102,"Los Angeles County, California",654.0,13052.0
06037535200,6043,71136,06,037,535200,"Los Angeles County, California",923.0,13424.0
06037535300,6232,60798,06,037,535300,"Los Angeles County, California",970.0,7897.0
06037535400,3434,53750,06,037,535400,"Los Angeles County, California",516.0,15245.0
06037535501,3234,47391,06,037,535501,"Los Angeles County, California",365.0,6621.0
06037535502,5345,70230,06,037,535502,"Los Angeles County, California",1014.0,18189.0
06037535503,2375,67446,06,037,535503,"Los Angeles County, California",438.0,22145.0
06037535603,3841,54737,06,037,535603,"Los Angeles County, California",437.0,12072.0
06037535604,4256,63571,06,037,535604,"Los Angeles County, California",597.0,9579.0
06037535605,4546,62038,06,037,535605,"Los Angeles County, California",825.0,12811.0
06037535606,1874,67500,06,037,535606,"Los Angeles County, California",411.0,14470.0
06037535607,4469,68258,06,037,535607,"Los Angeles County, California",570.0,14014.0
06037535701,5413,70729,06,037,535701,"Los Angeles County, California",751.0,18681.0
06037535702,6478,80690,06,037,535702,"Los Angeles County, California",816.0,20041.0
06037535802,5829,78571,06,037,535802,"Los Angeles County, California",690.0,12666.0
06037535803,3607,54473,06,037,535803,"Los Angeles County, California",454.0,9335.0
06037535804,6025,65682,06,037,535804,"Los Angeles County, California",1373.0,18158.0
06037535901,5953,57961,06,037,535901,"Los Angeles County, California",996.0,17081.0
06037535902,6059,84020,06,037,535902,"Los Angeles County, California",588.0,14004.0
06037536000,3169,41800,06,037,536000,"Los Angeles County, California",459.0,15681.0
06037536102,3483,73604,06,037,536102,"Los Angeles County, California",633.0,11094.0
06037536103,5319,69496,06,037,536103,"Los Angeles County, California",671.0,20826.0
06037536104,3395,68618,06,037,536104,"Los Angeles County, California",481.0,5011.0
06037536201,3452,96094,06,037,536201,"Los Angeles County, California",416.0,34138.0
06037536202,4259,70278,06,037,536202,"Los Angeles County, California",668.0,16668.0
06037540000,7373,73452,06,037,540000,"Los Angeles County, California",821.0,11498.0
06037540101,6359,82056,06,037,540101,"Los Angeles County, California",887.0,21311.0
06037540102,5831,88198,06,037,540102,"Los Angeles County, California",927.0,22616.0
06037540201,2270,43676,06,037,540201,"Los Angeles County, California",376.0,11373.0
06037540202,6888,57956,06,037,540202,"Los Angeles County, California",747.0,8612.0
06037540203,5694,71402,06,037,540203,"Los Angeles County, California",762.0,15068.0
06037540300,4363,69308,06,037,540300,"Los Angeles County, California",628.0,9377.0
06037540400,1907,65833,06,037,540400,"Los Angeles County, California",466.0,37147.0
06037540501,5500,62708,06,037,540501,"Los Angeles County, California",721.0,18729.0
06037540502,6850,51500,06,037,540502,"Los Angeles County, California",988.0,15556.0
06037540600,4595,43418,06,037,540600,"Los Angeles County, California",1039.0,23647.0
06037540700,3066,54159,06,037,540700,"Los Angeles County, California",663.0,20357.0
06037540800,5671,77550,06,037,540800,"Los Angeles County, California",1195.0,20403.0
06037540901,5194,67750,06,037,540901,"Los Angeles County, California",760.0,25336.0
06037540902,4222,85333,06,037,540902,"Los Angeles County, California",687.0,38532.0
06037541003,4677,72361,06,037,541003,"Los Angeles County, California",716.0,15220.0
06037541100,3031,86094,06,037,541100,"Los Angeles County, California",561.0,24450.0
06037541200,6156,97102,06,037,541200,"Los Angeles County, California",989.0,25445.0
06037541300,5417,84535,06,037,541300,"Los Angeles County, California",838.0,11062.0
06037541401,3523,49709,06,037,541401,"Los Angeles County, California",755.0,21736.0
06037541402,3586,69375,06,037,541402,"Los Angeles County, California",712.0,35540.0
06037541500,5225,49071,06,037,541500,"Los Angeles County, California",869.0,8013.0
06037541603,2957,58750,06,037,541603,"Los Angeles County, California",485.0,18515.0
06037541604,5252,49537,06,037,541604,"Los Angeles County, California",577.0,8414.0
06037541605,5225,60277,06,037,541605,"Los Angeles County, California",865.0,4393.0
06037541606,2813,39333,06,037,541606,"Los Angeles County, California",491.0,12827.0
06037541700,6092,90417,06,037,541700,"Los Angeles County, California",954.0,10786.0
06037541801,5496,63952,06,037,541801,"Los Angeles County, California",599.0,5276.0
06037541802,4880,69067,06,037,541802,"Los Angeles County, California",1319.0,20397.0
06037542000,5231,84533,06,037,542000,"Los Angeles County, California",1004.0,19164.0
06037542103,3420,70529,06,037,542103,"Los Angeles County, California",400.0,13542.0
06037542104,4280,69375,06,037,542104,"Los Angeles County, California",969.0,15690.0
06037542105,5156,60559,06,037,542105,"Los Angeles County, California",802.0,8511.0
06037542106,2581,52871,06,037,542106,"Los Angeles County, California",302.0,13889.0
06037542200,7059,66896,06,037,542200,"Los Angeles County, California",1265.0,15394.0
06037542401,4331,70109,06,037,542401,"Los Angeles County, California",701.0,16846.0
06037542402,3972,80779,06,037,542402,"Los Angeles County, California",641.0,10127.0
06037542501,4108,80150,06,037,542501,"Los Angeles County, California",616.0,17786.0
06037542502,5094,55208,06,037,542502,"Los Angeles County, California",879.0,21473.0
06037542601,3366,58750,06,037,542601,"Los Angeles County, California",632.0,15340.0
06037542602,5430,71271,06,037,542602,"Los Angeles County, California",813.0,13885.0
06037542700,5824,71354,06,037,542700,"Los Angeles County, California",1082.0,9937.0
06037542800,3246,65532,06,037,542800,"Los Angeles County, California",546.0,5335.0
06037542900,3227,78641,06,037,542900,"Los Angeles County, California",341.0,6184.0
06037543000,3838,59348,06,037,543000,"Los Angeles County, California",651.0,33950.0
06037543100,6991,73889,06,037,543100,"Los Angeles County, California",1020.0,15569.0
06037543201,3460,76679,06,037,543201,"Los Angeles County, California",435.0,13972.0
06037543203,4207,46719,06,037,543203,"Los Angeles County, California",677.0,7935.0
06037543304,6863,117617,06,037,543304,"Los Angeles County, California",989.0,26751.0
06037543305,3783,82330,06,037,543305,"Los Angeles County, California",657.0,18653.0
06037543306,7231,89923,06,037,543306,"Los Angeles County, California",1002.0,23262.0
06037543321,5776,118657,06,037,543321,"Los Angeles County, California",739.0,40803.0
06037543322,7040,114970,06,037,543322,"Los Angeles County, California",1144.0,18458.0
06037543400,3621,99605,06,037,543400,"Los Angeles County, California",513.0,25443.0
06037543501,6280,93797,06,037,543501,"Los Angeles County, California",624.0,10808.0
06037543502,4726,107370,06,037,543502,"Los Angeles County, California",965.0,17768.0
06037543503,5817,96154,06,037,543503,"Los Angeles County, California",888.0,36466.0
06037543601,4635,104070,06,037,543601,"Los Angeles County, California",1256.0,15058.0
06037543603,3810,79812,06,037,543603,"Los Angeles County, California",497.0,25166.0
06037543605,4082,98301,06,037,543605,"Los Angeles County, California",476.0,26473.0
06037543606,3805,69157,06,037,543606,"Los Angeles County, California",657.0,19087.0
06037543607,5123,142386,06,037,543607,"Los Angeles County, California",532.0,12202.0
06037543701,3096,138583,06,037,543701,"Los Angeles County, California",458.0,13740.0
06037543703,4137,122000,06,037,543703,"Los Angeles County, California",738.0,15697.0
06037543704,3227,110388,06,037,543704,"Los Angeles County, California",407.0,34529.0
06037543705,3318,100699,06,037,543705,"Los Angeles County, California",419.0,11371.0
06037543801,4805,97016,06,037,543801,"Los Angeles County, California",502.0,10089.0
06037543803,4232,91630,06,037,543803,"Los Angeles County, California",692.0,26018.0
06037543804,4243,116094,06,037,543804,"Los Angeles County, California",1462.0,19857.0
06037543903,3852,111667,06,037,543903,"Los Angeles County, California",698.0,26596.0
06037543905,4556,78587,06,037,543905,"Los Angeles County, California",572.0,17017.0
06037544001,4079,85098,06,037,544001,"Los Angeles County, California",389.0,25813.0
06037544002,3740,96053,06,037,544002,"Los Angeles County, California",981.0,9630.0
06037550101,3820,110562,06,037,550101,"Los Angeles County, California",694.0,30358.0
06037550201,2979,83262,06,037,550201,"Los Angeles County, California",401.0,7652.0
06037550202,5253,104315,06,037,550202,"Los Angeles County, California",597.0,12169.0
06037550301,4631,99547,06,037,550301,"Los Angeles County, California",1210.0,25035.0
06037550501,3901,72210,06,037,550501,"Los Angeles County, California",627.0,12083.0
06037550502,4225,151688,06,037,550502,"Los Angeles County, California",647.0,32819.0
06037550601,6363,93083,06,037,550601,"Los Angeles County, California",849.0,10941.0
06037550602,4036,107153,06,037,550602,"Los Angeles County, California",447.0,19391.0
06037550700,6466,116176,06,037,550700,"Los Angeles County, California",878.0,28916.0
06037550801,4686,91069,06,037,550801,"Los Angeles County, California",959.0,13374.0
06037550802,2038,76643,06,037,550802,"Los Angeles County, California",415.0,59678.0
06037550901,4868,81578,06,037,550901,"Los Angeles County, California",638.0,2623.0
06037550902,5710,82500,06,037,550902,"Los Angeles County, California",547.0,12377.0
06037551001,2913,80536,06,037,551001,"Los Angeles County, California",254.0,12725.0
06037551002,4250,105179,06,037,551002,"Los Angeles County, California",771.0,28141.0
06037551101,3913,56477,06,037,551101,"Los Angeles County, California",530.0,17137.0
06037551102,5419,63724,06,037,551102,"Los Angeles County, California",731.0,8828.0
06037551201,3652,68321,06,037,551201,"Los Angeles County, California",715.0,8869.0
06037551203,3778,85969,06,037,551203,"Los Angeles County, California",788.0,20363.0
06037551204,3530,68776,06,037,551204,"Los Angeles County, California",537.0,15390.0
06037551300,5954,67250,06,037,551300,"Los Angeles County, California",682.0,13529.0
06037551401,4150,77882,06,037,551401,"Los Angeles County, California",546.0,16871.0
06037551402,5326,89375,06,037,551402,"Los Angeles County, California",873.0,14167.0
06037551501,4675,94940,06,037,551501,"Los Angeles County, California",873.0,25194.0
06037551502,4797,87639,06,037,551502,"Los Angeles County, California",691.0,21156.0
06037551700,6208,83722,06,037,551700,"Los Angeles County, California",855.0,13691.0
06037551801,3180,93996,06,037,551801,"Los Angeles County, California",569.0,14203.0
06037551802,4002,79100,06,037,551802,"Los Angeles County, California",627.0,13066.0
06037551900,5286,94542,06,037,551900,"Los Angeles County, California",808.0,34912.0
06037552001,3956,93795,06,037,552001,"Los Angeles County, California",451.0,10819.0
06037552002,3457,89964,06,037,552002,"Los Angeles County, California",418.0,9408.0
06037552100,5964,72963,06,037,552100,"Los Angeles County, California",889.0,14177.0
06037552200,5780,60294,06,037,552200,"Los Angeles County, California",725.0,15698.0
06037552301,4494,94917,06,037,552301,"Los Angeles County, California",600.0,9688.0
06037552302,4260,76250,06,037,552302,"Los Angeles County, California",1119.0,11166.0
06037552400,2367,66800,06,037,552400,"Los Angeles County, California",412.0,11488.0
06037552601,5487,93750,06,037,552601,"Los Angeles County, California",1170.0,12431.0
06037552602,3677,113077,06,037,552602,"Los Angeles County, California",354.0,6658.0
06037552700,6568,106818,06,037,552700,"Los Angeles County, California",892.0,12068.0
06037552800,5850,99942,06,037,552800,"Los Angeles County, California",573.0,21933.0
06037552900,6466,72818,06,037,552900,"Los Angeles County, California",1002.0,7146.0
06037553000,5155,133080,06,037,553000,"Los Angeles County, California",712.0,29350.0
06037553100,6686,96875,06,037,553100,"Los Angeles County, California",831.0,14602.0
06037553201,4057,95833,06,037,553201,"Los Angeles County, California",713.0,16609.0
06037553202,3552,126875,06,037,553202,"Los Angeles County, California",506.0,22062.0
06037553300,3511,97972,06,037,553300,"Los Angeles County, California",589.0,15571.0
06037553400,3789,103140,06,037,553400,"Los Angeles County, California",390.0,6874.0
06037553502,4014,77045,06,037,553502,"Los Angeles County, California",575.0,13699.0
06037553503,3236,59323,06,037,553503,"Los Angeles County, California",632.0,11192.0
06037553504,4756,71094,06,037,553504,"Los Angeles County, California",599.0,11632.0
06037553601,4732,61324,06,037,553601,"Los Angeles County, California",678.0,12178.0
06037553602,4844,69474,06,037,553602,"Los Angeles County, California",787.0,14623.0
06037553701,3922,64125,06,037,553701,"Los Angeles County, California",657.0,16625.0
06037553702,4758,63924,06,037,553702,"Los Angeles County, California",529.0,4744.0
06037553801,4397,62943,06,037,553801,"Los Angeles County, California",508.0,11917.0
06037553802,6492,48591,06,037,553802,"Los Angeles County, California",910.0,6579.0
06037553901,6278,83356,06,037,553901,"Los Angeles County, California",776.0,7788.0
06037553902,5826,73315,06,037,553902,"Los Angeles County, California",964.0,10210.0
06037554001,4503,81931,06,037,554001,"Los Angeles County, California",734.0,7515.0
06037554002,6005,67471,06,037,554002,"Los Angeles County, California",567.0,25953.0
06037554101,3164,62500,06,037,554101,"Los Angeles County, California",456.0,13024.0
06037554105,4409,53370,06,037,554105,"Los Angeles County, California",819.0,13614.0
06037554106,3998,88005,06,037,554106,"Los Angeles County, California",463.0,8606.0
06037554201,3599,95566,06,037,554201,"Los Angeles County, California",409.0,16166.0
06037554203,3874,47471,06,037,554203,"Los Angeles County, California",629.0,27133.0
06037554204,4668,46957,06,037,554204,"Los Angeles County, California",766.0,17958.0
06037554301,3426,84583,06,037,554301,"Los Angeles County, California",551.0,16474.0
06037554302,4162,68879,06,037,554302,"Los Angeles County, California",673.0,7943.0
06037554403,5610,63618,06,037,554403,"Los Angeles County, California",826.0,19340.0
06037554404,4673,74618,06,037,554404,"Los Angeles County, California",520.0,8194.0
06037554405,3566,44857,06,037,554405,"Los Angeles County, California",558.0,18300.0
06037554406,4889,84418,06,037,554406,"Los Angeles County, California",512.0,18269.0
06037554511,4078,143000,06,037,554511,"Los Angeles County, California",684.0,33183.0
06037554512,6739,138246,06,037,554512,"Los Angeles County, California",653.0,17169.0
06037554513,2498,116042,06,037,554513,"Los Angeles County, California",219.0,25215.0
06037554514,4493,126667,06,037,554514,"Los Angeles County, California",597.0,22441.0
06037554515,3297,108833,06,037,554515,"Los Angeles County, California",376.0,28666.0
06037554516,3853,155489,06,037,554516,"Los Angeles County, California",698.0,29090.0
06037554517,4402,123611,06,037,554517,"Los Angeles County, California",380.0,19897.0
06037554518,5135,108140,06,037,554518,"Los Angeles County, California",442.0,10358.0
06037554519,3393,135505,06,037,554519,"Los Angeles County, California",694.0,45924.0
06037554521,6149,109756,06,037,554521,"Los Angeles County, California",688.0,15313.0
06037554522,4979,113677,06,037,554522,"Los Angeles County, California",651.0,14498.0
06037554600,3987,86250,06,037,554600,"Los Angeles County, California",573.0,12536.0
06037554700,4167,100000,06,037,554700,"Los Angeles County, California",531.0,9040.0
06037554801,2890,91875,06,037,554801,"Los Angeles County, California",442.0,47909.0
06037554802,6229,102930,06,037,554802,"Los Angeles County, California",606.0,19094.0
06037554900,7118,81929,06,037,554900,"Los Angeles County, California",723.0,20173.0
06037555001,5379,89346,06,037,555001,"Los Angeles County, California",466.0,14476.0
06037555002,3947,80320,06,037,555002,"Los Angeles County, California",540.0,15333.0
06037555105,6069,100654,06,037,555105,"Los Angeles County, California",644.0,16065.0
06037555106,2727,68717,06,037,555106,"Los Angeles County, California",353.0,19246.0
06037555107,5620,87113,06,037,555107,"Los Angeles County, California",600.0,16878.0
06037555202,3793,162596,06,037,555202,"Los Angeles County, California",662.0,42382.0
06037555211,5626,86591,06,037,555211,"Los Angeles County, California",614.0,29445.0
06037555212,5658,73698,06,037,555212,"Los Angeles County, California",655.0,11868.0
06037555300,5275,97411,06,037,555300,"Los Angeles County, California",574.0,35298.0
06037570001,4523,124321,06,037,570001,"Los Angeles County, California",620.0,29806.0
06037570002,2588,117708,06,037,570002,"Los Angeles County, California",336.0,14530.0
06037570003,4039,108811,06,037,570003,"Los Angeles County, California",509.0,19399.0
06037570100,3458,98942,06,037,570100,"Los Angeles County, California",437.0,12104.0
06037570202,6479,72200,06,037,570202,"Los Angeles County, California",689.0,22637.0
06037570203,4132,59464,06,037,570203,"Los Angeles County, California",593.0,21031.0
06037570204,4755,58768,06,037,570204,"Los Angeles County, California",842.0,8463.0
06037570303,4614,58447,06,037,570303,"Los Angeles County, California",658.0,10636.0
06037570304,5185,60511,06,037,570304,"Los Angeles County, California",539.0,12588.0
06037570305,4204,42344,06,037,570305,"Los Angeles County, California",828.0,15607.0
06037570306,3222,102301,06,037,570306,"Los Angeles County, California",635.0,42586.0
06037570402,3248,81852,06,037,570402,"Los Angeles County, California",465.0,13436.0
06037570403,3711,63548,06,037,570403,"Los Angeles County, California",399.0,5994.0
06037570404,3972,74115,06,037,570404,"Los Angeles County, California",863.0,10250.0
06037570502,6026,88970,06,037,570502,"Los Angeles County, California",696.0,11351.0
06037570503,3903,84194,06,037,570503,"Los Angeles County, California",1094.0,14263.0
06037570504,3793,77726,06,037,570504,"Los Angeles County, California",701.0,11325.0
06037570601,6205,80398,06,037,570601,"Los Angeles County, California",915.0,14492.0
06037570602,5624,77917,06,037,570602,"Los Angeles County, California",673.0,23315.0
06037570603,5331,57669,06,037,570603,"Los Angeles County, California",614.0,13635.0
06037570701,7674,101204,06,037,570701,"Los Angeles County, California",1035.0,18612.0
06037570703,3055,121688,06,037,570703,"Los Angeles County, California",283.0,11284.0
06037570800,5488,129243,06,037,570800,"Los Angeles County, California",553.0,14357.0
06037570901,5858,117969,06,037,570901,"Los Angeles County, California",759.0,13101.0
06037570902,3349,114107,06,037,570902,"Los Angeles County, California",484.0,22886.0
06037571000,5571,130962,06,037,571000,"Los Angeles County, California",539.0,16347.0
06037571101,4904,115607,06,037,571101,"Los Angeles County, California",628.0,13273.0
06037571102,3699,160800,06,037,571102,"Los Angeles County, California",355.0,29513.0
06037571201,3843,124216,06,037,571201,"Los Angeles County, California",640.0,39887.0
06037571202,3921,98207,06,037,571202,"Los Angeles County, California",677.0,36923.0
06037571300,4784,128275,06,037,571300,"Los Angeles County, California",409.0,19950.0
06037571400,5018,125370,06,037,571400,"Los Angeles County, California",522.0,25174.0
06037571502,5033,96917,06,037,571502,"Los Angeles County, California",769.0,32697.0
06037571504,5030,80494,06,037,571504,"Los Angeles County, California",858.0,26518.0
06037571505,3229,88709,06,037,571505,"Los Angeles County, California",778.0,954.0
06037571600,2222,23883,06,037,571600,"Los Angeles County, California",402.0,5215.0
06037571701,6655,77409,06,037,571701,"Los Angeles County, California",1461.0,9127.0
06037571703,3462,39762,06,037,571703,"Los Angeles County, California",467.0,16534.0
06037571704,3783,56125,06,037,571704,"Los Angeles County, California",681.0,10336.0
06037571800,3217,130625,06,037,571800,"Los Angeles County, California",574.0,40060.0
06037571900,5896,113879,06,037,571900,"Los Angeles County, California",1074.0,58205.0
06037572001,6205,101875,06,037,572001,"Los Angeles County, California",847.0,40893.0
06037572201,5705,74901,06,037,572201,"Los Angeles County, California",1064.0,25140.0
06037572202,3439,109286,06,037,572202,"Los Angeles County, California",360.0,12968.0
06037572301,3728,66833,06,037,572301,"Los Angeles County, California",496.0,20116.0
06037572500,3693,53750,06,037,572500,"Los Angeles County, California",690.0,18842.0
06037572600,4849,86976,06,037,572600,"Los Angeles County, California",716.0,16874.0
06037572700,5194,82102,06,037,572700,"Los Angeles County, California",616.0,10066.0
06037573002,3761,58958,06,037,573002,"Los Angeles County, California",539.0,11792.0
06037573003,1720,97813,06,037,573003,"Los Angeles County, California",236.0,20818.0
06037573004,4855,53807,06,037,573004,"Los Angeles County, California",1001.0,16279.0
06037573101,4452,62644,06,037,573101,"Los Angeles County, California",860.0,28520.0
06037573102,2751,98250,06,037,573102,"Los Angeles County, California",583.0,18256.0
06037573201,3977,51473,06,037,573201,"Los Angeles County, California",704.0,5704.0
06037573202,6654,71149,06,037,573202,"Los Angeles County, California",1116.0,9015.0
06037573300,3856,42875,06,037,573300,"Los Angeles County, California",601.0,8736.0
06037573401,1507,71969,06,037,573401,"Los Angeles County, California",257.0,18928.0
06037573402,6929,78780,06,037,573402,"Los Angeles County, California",721.0,9045.0
06037573403,3242,128977,06,037,573403,"Los Angeles County, California",584.0,7942.0
06037573601,6370,122696,06,037,573601,"Los Angeles County, California",573.0,16285.0
06037573700,5410,138413,06,037,573700,"Los Angeles County, California",579.0,22549.0
06037573800,4197,126616,06,037,573800,"Los Angeles County, California",473.0,23649.0
06037573902,2130,158264,06,037,573902,"Los Angeles County, California",223.0,33332.0
06037574000,5178,141536,06,037,574000,"Los Angeles County, California",461.0,14396.0
06037574100,5307,136403,06,037,574100,"Los Angeles County, California",609.0,13645.0
06037574201,3141,139777,06,037,574201,"Los Angeles County, California",408.0,20430.0
06037574202,2364,113472,06,037,574202,"Los Angeles County, California",319.0,11458.0
06037574300,6323,107064,06,037,574300,"Los Angeles County, California",1134.0,18809.0
06037574400,5656,138095,06,037,574400,"Los Angeles County, California",695.0,18714.0
06037574500,6582,118250,06,037,574500,"Los Angeles County, California",722.0,64265.0
06037574602,1284,132813,06,037,574602,"Los Angeles County, California",214.0,50398.0
06037574800,3044,74500,06,037,574800,"Los Angeles County, California",406.0,21091.0
06037574901,3867,147891,06,037,574901,"Los Angeles County, California",586.0,22691.0
06037574902,5471,78639,06,037,574902,"Los Angeles County, California",572.0,8641.0
06037575001,4108,100106,06,037,575001,"Los Angeles County, California",760.0,11487.0
06037575002,4451,85591,06,037,575002,"Los Angeles County, California",478.0,13766.0
06037575101,4115,58929,06,037,575101,"Los Angeles County, California",629.0,11983.0
06037575102,4247,55031,06,037,575102,"Los Angeles County, California",510.0,13820.0
06037575103,4980,60826,06,037,575103,"Los Angeles County, California",583.0,6608.0
06037575201,4823,51630,06,037,575201,"Los Angeles County, California",708.0,8855.0
06037575202,3759,53750,06,037,575202,"Los Angeles County, California",486.0,15260.0
06037575300,4188,45617,06,037,575300,"Los Angeles County, California",767.0,12591.0
06037575401,4437,41250,06,037,575401,"Los Angeles County, California",632.0,13299.0
06037575402,3757,59688,06,037,575402,"Los Angeles County, California",486.0,15549.0
06037575801,2399,44444,06,037,575801,"Los Angeles County, California",566.0,29235.0
06037575802,4536,46583,06,037,575802,"Los Angeles County, California",722.0,10355.0
06037575803,2685,28402,06,037,575803,"Los Angeles County, California",467.0,9299.0
06037575901,3726,53984,06,037,575901,"Los Angeles County, California",618.0,22177.0
06037575902,5286,62235,06,037,575902,"Los Angeles County, California",549.0,13326.0
06037576001,5499,105359,06,037,576001,"Los Angeles County, California",665.0,12256.0
06037576200,5277,49076,06,037,576200,"Los Angeles County, California",536.0,12464.0
06037576301,4725,53140,06,037,576301,"Los Angeles County, California",742.0,12856.0
06037576302,3278,62639,06,037,576302,"Los Angeles County, California",551.0,35973.0
06037576401,4338,46087,06,037,576401,"Los Angeles County, California",717.0,21353.0
06037576402,4272,54478,06,037,576402,"Los Angeles County, California",621.0,4548.0
06037576403,5256,62373,06,037,576403,"Los Angeles County, California",754.0,14282.0
06037576501,2905,39005,06,037,576501,"Los Angeles County, California",390.0,8389.0
06037576502,5152,82649,06,037,576502,"Los Angeles County, California",989.0,17999.0
06037576503,3927,69058,06,037,576503,"Los Angeles County, California",348.0,10454.0
06037576601,3961,59876,06,037,576601,"Los Angeles County, California",492.0,9288.0
06037576602,4829,86433,06,037,576602,"Los Angeles County, California",868.0,11950.0
06037576700,3968,91111,06,037,576700,"Los Angeles County, California",534.0,20295.0
06037576801,3734,63049,06,037,576801,"Los Angeles County, California",591.0,11693.0
06037576802,4413,75729,06,037,576802,"Los Angeles County, California",679.0,17625.0
06037576901,5136,52365,06,037,576901,"Los Angeles County, California",820.0,7525.0
06037576903,3491,60101,06,037,576903,"Los Angeles County, California",504.0,7514.0
06037576904,2970,65357,06,037,576904,"Los Angeles County, California",386.0,19251.0
06037577000,7149,83630,06,037,577000,"Los Angeles County, California",1045.0,14685.0
06037577100,7370,89013,06,037,577100,"Los Angeles County, California",1015.0,8432.0
06037577200,5770,105739,06,037,577200,"Los Angeles County, California",693.0,13136.0
06037577300,5899,104605,06,037,577300,"Los Angeles County, California",712.0,18169.0
06037577400,2880,110595,06,037,577400,"Los Angeles County, California",378.0,13041.0
06037577501,3318,141290,06,037,577501,"Los Angeles County, California",374.0,28272.0
06037577504,1281,85000,06,037,577504,"Los Angeles County, California",217.0,24216.0
06037577602,3209,106683,06,037,577602,"Los Angeles County, California",269.0,12401.0
06037577604,1578,101204,06,037,577604,"Los Angeles County, California",447.0,23828.0
06037577605,4760,116697,06,037,577605,"Los Angeles County, California",627.0,15419.0
06037577606,3998,145294,06,037,577606,"Los Angeles County, California",875.0,29052.0
06037577700,4652,86797,06,037,577700,"Los Angeles County, California",564.0,16573.0
06037577800,4624,99831,06,037,577800,"Los Angeles County, California",666.0,15307.0
06037577900,5669,84704,06,037,577900,"Los Angeles County, California",478.0,7742.0
06037578000,6358,63013,06,037,578000,"Los Angeles County, California",855.0,15013.0
06037578100,2285,,06,037,578100,"Los Angeles County, California",49.0,
06037599000,3369,88845,06,037,599000,"Los Angeles County, California",83.0,15086.0
06037599100,654,,06,037,599100,"Los Angeles County, California",420.0,
06037600100,6752,46839,06,037,600100,"Los Angeles County, California",797.0,13249.0
06037600201,5362,56579,06,037,600201,"Los Angeles County, California",791.0,16835.0
06037600202,7625,37674,06,037,600202,"Los Angeles County, California",1285.0,14073.0
06037600302,3343,79850,06,037,600302,"Los Angeles County, California",401.0,19999.0
06037600303,4157,43889,06,037,600303,"Los Angeles County, California",838.0,22963.0
06037600304,4074,53856,06,037,600304,"Los Angeles County, California",728.0,13348.0
06037600400,4032,70616,06,037,600400,"Los Angeles County, California",628.0,25346.0
06037600501,2597,90739,06,037,600501,"Los Angeles County, California",374.0,22798.0
06037600601,2388,80833,06,037,600601,"Los Angeles County, California",262.0,35302.0
06037600602,2681,59783,06,037,600602,"Los Angeles County, California",704.0,11676.0
06037600702,4659,107396,06,037,600702,"Los Angeles County, California",730.0,20542.0
06037600703,1755,93250,06,037,600703,"Los Angeles County, California",238.0,10736.0
06037600704,2996,72132,06,037,600704,"Los Angeles County, California",344.0,21596.0
06037600801,2761,116875,06,037,600801,"Los Angeles County, California",500.0,27194.0
06037600802,2508,57927,06,037,600802,"Los Angeles County, California",544.0,21158.0
06037600902,6599,57418,06,037,600902,"Los Angeles County, California",1169.0,11968.0
06037600911,3344,77016,06,037,600911,"Los Angeles County, California",994.0,30889.0
06037600912,4832,73272,06,037,600912,"Los Angeles County, California",534.0,5869.0
06037601001,2148,42878,06,037,601001,"Los Angeles County, California",654.0,28273.0
06037601002,5074,59896,06,037,601002,"Los Angeles County, California",677.0,23537.0
06037601100,6821,58655,06,037,601100,"Los Angeles County, California",1059.0,5238.0
06037601202,3958,74093,06,037,601202,"Los Angeles County, California",776.0,15334.0
06037601211,3008,49871,06,037,601211,"Los Angeles County, California",603.0,11059.0
06037601212,5416,63375,06,037,601212,"Los Angeles County, California",615.0,23311.0
06037601301,1810,74410,06,037,601301,"Los Angeles County, California",202.0,19727.0
06037601302,6892,72577,06,037,601302,"Los Angeles County, California",785.0,6754.0
06037601303,5593,51932,06,037,601303,"Los Angeles County, California",726.0,14159.0
06037601401,7129,52941,06,037,601401,"Los Angeles County, California",798.0,14062.0
06037601402,4437,88037,06,037,601402,"Los Angeles County, California",726.0,14901.0
06037601501,3707,52682,06,037,601501,"Los Angeles County, California",531.0,13413.0
06037601502,3640,67944,06,037,601502,"Los Angeles County, California",884.0,26103.0
06037601600,4021,46969,06,037,601600,"Los Angeles County, California",589.0,33590.0
06037601700,5276,49219,06,037,601700,"Los Angeles County, California",849.0,21006.0
06037601801,2863,51343,06,037,601801,"Los Angeles County, California",454.0,3045.0
06037601802,3509,73462,06,037,601802,"Los Angeles County, California",561.0,7788.0
06037601900,4729,57788,06,037,601900,"Los Angeles County, California",574.0,16959.0
06037602002,3086,72083,06,037,602002,"Los Angeles County, California",370.0,9928.0
06037602003,4438,58750,06,037,602003,"Los Angeles County, California",650.0,9210.0
06037602103,5336,37813,06,037,602103,"Los Angeles County, California",800.0,26017.0
06037602104,6159,68500,06,037,602104,"Los Angeles County, California",708.0,11741.0
06037602105,3567,56316,06,037,602105,"Los Angeles County, California",386.0,11481.0
06037602106,6360,78493,06,037,602106,"Los Angeles County, California",1168.0,13962.0
06037602201,4294,131280,06,037,602201,"Los Angeles County, California",594.0,24092.0
06037602202,2839,91071,06,037,602202,"Los Angeles County, California",790.0,14733.0
06037602301,6692,126940,06,037,602301,"Los Angeles County, California",1013.0,22975.0
06037602302,4641,163196,06,037,602302,"Los Angeles County, California",438.0,14149.0
06037602402,7250,104538,06,037,602402,"Los Angeles County, California",1188.0,11388.0
06037602403,4386,73200,06,037,602403,"Los Angeles County, California",418.0,24172.0
06037602404,5901,62760,06,037,602404,"Los Angeles County, California",1106.0,16026.0
06037602504,4877,60357,06,037,602504,"Los Angeles County, California",566.0,12896.0
06037602505,4523,63250,06,037,602505,"Los Angeles County, California",645.0,16981.0
06037602506,4135,57173,06,037,602506,"Los Angeles County, California",468.0,9138.0
06037602507,5233,57813,06,037,602507,"Los Angeles County, California",608.0,5876.0
06037602510,3638,44018,06,037,602510,"Los Angeles County, California",928.0,16561.0
06037602511,4444,53894,06,037,602511,"Los Angeles County, California",1368.0,19937.0
06037602512,1926,83125,06,037,602512,"Los Angeles County, California",331.0,23785.0
06037602513,1660,,06,037,602513,"Los Angeles County, California",268.0,
06037602601,5072,78403,06,037,602601,"Los Angeles County, California",819.0,41436.0
06037602602,2839,83666,06,037,602602,"Los Angeles County, California",756.0,31948.0
06037602700,3631,128110,06,037,602700,"Los Angeles County, California",556.0,20885.0
06037602801,4052,53775,06,037,602801,"Los Angeles County, California",945.0,16503.0
06037602802,4637,97819,06,037,602802,"Los Angeles County, California",813.0,17147.0
06037602900,4115,82472,06,037,602900,"Los Angeles County, California",559.0,22447.0
06037603004,1712,73819,06,037,603004,"Los Angeles County, California",240.0,17530.0
06037603005,6482,67833,06,037,603005,"Los Angeles County, California",1126.0,14071.0
06037603006,1864,75000,06,037,603006,"Los Angeles County, California",201.0,25860.0
06037603007,3473,77412,06,037,603007,"Los Angeles County, California",677.0,54570.0
06037603008,4133,67963,06,037,603008,"Los Angeles County, California",869.0,22984.0
06037603101,4735,71349,06,037,603101,"Los Angeles County, California",693.0,22034.0
06037603102,3859,67690,06,037,603102,"Los Angeles County, California",686.0,10940.0
06037603200,3368,104226,06,037,603200,"Los Angeles County, California",437.0,12466.0
06037603301,3461,63929,06,037,603301,"Los Angeles County, California",502.0,10093.0
06037603302,4117,68147,06,037,603302,"Los Angeles County, California",564.0,9226.0
06037603400,3836,91974,06,037,603400,"Los Angeles County, California",526.0,18029.0
06037603500,2987,91151,06,037,603500,"Los Angeles County, California",446.0,16131.0
06037603600,4324,89875,06,037,603600,"Los Angeles County, California",574.0,21121.0
06037603702,5015,113125,06,037,603702,"Los Angeles County, California",472.0,23959.0
06037603703,2542,117330,06,037,603703,"Los Angeles County, California",287.0,20021.0
06037603705,2824,74484,06,037,603705,"Los Angeles County, California",639.0,9380.0
06037603706,3366,58217,06,037,603706,"Los Angeles County, California",663.0,19096.0
06037603801,4827,71000,06,037,603801,"Los Angeles County, California",674.0,11536.0
06037603802,3941,80875,06,037,603802,"Los Angeles County, California",562.0,20957.0
06037603901,3685,90221,06,037,603901,"Los Angeles County, California",396.0,18412.0
06037603902,3211,58816,06,037,603902,"Los Angeles County, California",950.0,24837.0
06037604001,5151,88750,06,037,604001,"Los Angeles County, California",1171.0,24937.0
06037604002,3819,64500,06,037,604002,"Los Angeles County, California",383.0,17155.0
06037604101,4108,75201,06,037,604101,"Los Angeles County, California",978.0,7815.0
06037604102,2811,84803,06,037,604102,"Los Angeles County, California",524.0,12081.0
06037604200,5802,71707,06,037,604200,"Los Angeles County, California",704.0,7657.0
06037609900,1758,81829,06,037,609900,"Los Angeles County, California",299.0,13741.0
06037620001,4338,155548,06,037,620001,"Los Angeles County, California",419.0,10536.0
06037620002,3637,141081,06,037,620002,"Los Angeles County, California",455.0,9722.0
06037620101,5482,126023,06,037,620101,"Los Angeles County, California",524.0,31546.0
06037620102,3624,144911,06,037,620102,"Los Angeles County, California",499.0,26726.0
06037620201,1603,156528,06,037,620201,"Los Angeles County, California",356.0,23578.0
06037620301,4483,216667,06,037,620301,"Los Angeles County, California",553.0,60629.0
06037620303,4934,202454,06,037,620303,"Los Angeles County, California",597.0,61494.0
06037620305,6021,177241,06,037,620305,"Los Angeles County, California",1096.0,61525.0
06037620400,5156,167404,06,037,620400,"Los Angeles County, California",844.0,21129.0
06037620501,5899,159438,06,037,620501,"Los Angeles County, California",824.0,54858.0
06037620521,4609,112128,06,037,620521,"Los Angeles County, California",777.0,29105.0
06037620522,4748,149875,06,037,620522,"Los Angeles County, California",412.0,24682.0
06037620601,5841,116960,06,037,620601,"Los Angeles County, California",588.0,13720.0
06037620602,5432,150365,06,037,620602,"Los Angeles County, California",784.0,16873.0
06037620701,7651,154306,06,037,620701,"Los Angeles County, California",760.0,63466.0
06037620703,3727,234516,06,037,620703,"Los Angeles County, California",593.0,20801.0
06037620704,3720,182309,06,037,620704,"Los Angeles County, California",701.0,22842.0
06037620801,4019,220400,06,037,620801,"Los Angeles County, California",533.0,51636.0
06037620802,3434,174266,06,037,620802,"Los Angeles County, California",743.0,129183.0
06037620901,2700,242885,06,037,620901,"Los Angeles County, California",470.0,42300.0
06037620904,2773,189448,06,037,620904,"Los Angeles County, California",361.0,35348.0
06037621001,4575,143981,06,037,621001,"Los Angeles County, California",515.0,47200.0
06037621005,4587,142788,06,037,621005,"Los Angeles County, California",434.0,31257.0
06037621102,3414,199293,06,037,621102,"Los Angeles County, California",443.0,47062.0
06037621104,6975,131063,06,037,621104,"Los Angeles County, California",694.0,16378.0
06037621201,7601,131014,06,037,621201,"Los Angeles County, California",838.0,30364.0
06037621204,2769,110789,06,037,621204,"Los Angeles County, California",344.0,23774.0
06037621301,7160,110075,06,037,621301,"Los Angeles County, California",800.0,24938.0
06037621324,4027,107480,06,037,621324,"Los Angeles County, California",741.0,14321.0
06037621326,3047,107228,06,037,621326,"Los Angeles County, California",426.0,16516.0
06037621400,4389,140208,06,037,621400,"Los Angeles County, California",646.0,27533.0
06037650001,5807,106301,06,037,650001,"Los Angeles County, California",693.0,26712.0
06037650003,3057,76763,06,037,650003,"Los Angeles County, California",381.0,14345.0
06037650004,4179,95066,06,037,650004,"Los Angeles County, California",748.0,19905.0
06037650101,5532,105417,06,037,650101,"Los Angeles County, California",906.0,19497.0
06037650102,2154,113333,06,037,650102,"Los Angeles County, California",261.0,27429.0
06037650200,6056,119609,06,037,650200,"Los Angeles County, California",613.0,12659.0
06037650300,7326,81972,06,037,650300,"Los Angeles County, California",983.0,23725.0
06037650401,4295,157314,06,037,650401,"Los Angeles County, California",534.0,16978.0
06037650501,2833,170547,06,037,650501,"Los Angeles County, California",344.0,34197.0
06037650502,4222,138223,06,037,650502,"Los Angeles County, California",666.0,10793.0
06037650603,3791,111375,06,037,650603,"Los Angeles County, California",418.0,25440.0
06037650604,5712,67834,06,037,650604,"Los Angeles County, California",1098.0,6545.0
06037650605,2845,123636,06,037,650605,"Los Angeles County, California",304.0,38866.0
06037650606,4436,81344,06,037,650606,"Los Angeles County, California",474.0,27825.0
06037650607,2736,96181,06,037,650607,"Los Angeles County, California",424.0,17540.0
06037650701,2569,131136,06,037,650701,"Los Angeles County, California",218.0,26490.0
06037650702,4710,146176,06,037,650702,"Los Angeles County, California",380.0,19359.0
06037650801,4082,129709,06,037,650801,"Los Angeles County, California",570.0,18300.0
06037650802,3367,122644,06,037,650802,"Los Angeles County, California",503.0,14311.0
06037650901,5111,93487,06,037,650901,"Los Angeles County, California",678.0,14937.0
06037650903,5188,84508,06,037,650903,"Los Angeles County, California",1567.0,39508.0
06037650904,2647,127841,06,037,650904,"Los Angeles County, California",354.0,25289.0
06037651001,5437,117917,06,037,651001,"Los Angeles County, California",506.0,21501.0
06037651002,4873,123409,06,037,651002,"Los Angeles County, California",482.0,22456.0
06037651101,4639,111250,06,037,651101,"Los Angeles County, California",498.0,29601.0
06037651102,3653,78708,06,037,651102,"Los Angeles County, California",538.0,12665.0
06037651201,4797,158990,06,037,651201,"Los Angeles County, California",861.0,26137.0
06037651221,3912,104000,06,037,651221,"Los Angeles County, California",578.0,12788.0
06037651222,6091,104049,06,037,651222,"Los Angeles County, California",600.0,7440.0
06037651302,5896,159395,06,037,651302,"Los Angeles County, California",915.0,38635.0
06037651304,5135,110325,06,037,651304,"Los Angeles County, California",669.0,7963.0
06037651401,2524,95184,06,037,651401,"Los Angeles County, California",355.0,21933.0
06037651402,5842,101250,06,037,651402,"Los Angeles County, California",811.0,26605.0
06037670001,3698,104375,06,037,670001,"Los Angeles County, California",455.0,17689.0
06037670002,3581,74972,06,037,670002,"Los Angeles County, California",393.0,25259.0
06037670003,5984,90833,06,037,670003,"Los Angeles County, California",619.0,21360.0
06037670101,3240,79375,06,037,670101,"Los Angeles County, California",760.0,26367.0
06037670102,4159,69364,06,037,670102,"Los Angeles County, California",676.0,22677.0
06037670201,3625,169375,06,037,670201,"Los Angeles County, California",460.0,22391.0
06037670202,2568,225833,06,037,670202,"Los Angeles County, California",451.0,55406.0
06037670324,5505,206585,06,037,670324,"Los Angeles County, California",722.0,56745.0
06037670326,3303,236957,06,037,670326,"Los Angeles County, California",352.0,50150.0
06037670328,4411,249432,06,037,670328,"Los Angeles County, California",538.0,36534.0
06037670405,2715,145469,06,037,670405,"Los Angeles County, California",368.0,28299.0
06037670406,1727,219375,06,037,670406,"Los Angeles County, California",363.0,30791.0
06037670407,6082,132083,06,037,670407,"Los Angeles County, California",761.0,45479.0
06037670413,4852,182212,06,037,670413,"Los Angeles County, California",540.0,33827.0
06037670416,4224,155135,06,037,670416,"Los Angeles County, California",666.0,27303.0
06037670417,2795,155385,06,037,670417,"Los Angeles County, California",248.0,23750.0
06037670418,4557,213375,06,037,670418,"Los Angeles County, California",583.0,51436.0
06037670500,1451,250001,06,037,670500,"Los Angeles County, California",223.0,
06037670603,1897,216801,06,037,670603,"Los Angeles County, California",315.0,80981.0
06037670604,4911,149205,06,037,670604,"Los Angeles County, California",680.0,23777.0
06037670701,6538,168697,06,037,670701,"Los Angeles County, California",529.0,19069.0
06037670702,5722,208177,06,037,670702,"Los Angeles County, California",1069.0,41935.0
06037700101,5329,66901,06,037,700101,"Los Angeles County, California",712.0,24119.0
06037700102,4651,54648,06,037,700102,"Los Angeles County, California",556.0,22725.0
06037700200,6908,88502,06,037,700200,"Los Angeles County, California",812.0,13301.0
06037700300,5745,96673,06,037,700300,"Los Angeles County, California",587.0,12693.0
06037700400,4680,94169,06,037,700400,"Los Angeles County, California",641.0,5132.0
06037700501,4187,105670,06,037,700501,"Los Angeles County, California",486.0,46267.0
06037700502,3858,102436,06,037,700502,"Los Angeles County, California",560.0,28503.0
06037700600,4983,238125,06,037,700600,"Los Angeles County, California",808.0,71748.0
06037700700,3530,220059,06,037,700700,"Los Angeles County, California",618.0,40816.0
06037700801,3858,76233,06,037,700801,"Los Angeles County, California",476.0,28806.0
06037700802,4036,111390,06,037,700802,"Los Angeles County, California",640.0,15070.0
06037700901,4293,107361,06,037,700901,"Los Angeles County, California",719.0,41971.0
06037700902,6528,92453,06,037,700902,"Los Angeles County, California",703.0,22720.0
06037701000,5178,114737,06,037,701000,"Los Angeles County, California",653.0,37326.0
06037701201,3920,239559,06,037,701201,"Los Angeles County, California",316.0,45529.0
06037701202,3490,158808,06,037,701202,"Los Angeles County, California",435.0,26850.0
06037701302,4829,101161,06,037,701302,"Los Angeles County, California",521.0,37176.0
06037701304,6285,131983,06,037,701304,"Los Angeles County, California",835.0,23888.0
06037701402,6179,116296,06,037,701402,"Los Angeles County, California",826.0,37985.0
06037701501,5058,132137,06,037,701501,"Los Angeles County, California",599.0,39456.0
06037701502,3784,105455,06,037,701502,"Los Angeles County, California",476.0,21483.0
06037701601,3963,154583,06,037,701601,"Los Angeles County, California",426.0,38845.0
06037701602,4614,122401,06,037,701602,"Los Angeles County, California",684.0,54332.0
06037701701,3350,73710,06,037,701701,"Los Angeles County, California",591.0,15280.0
06037701702,3146,73906,06,037,701702,"Los Angeles County, California",378.0,43981.0
06037701801,6668,77698,06,037,701801,"Los Angeles County, California",694.0,10277.0
06037701802,5260,89125,06,037,701802,"Los Angeles County, California",766.0,15680.0
06037701902,5149,75565,06,037,701902,"Los Angeles County, California",511.0,47358.0
06037702002,6185,96664,06,037,702002,"Los Angeles County, California",634.0,9860.0
06037702102,5620,98025,06,037,702102,"Los Angeles County, California",792.0,10809.0
06037702201,3920,105284,06,037,702201,"Los Angeles County, California",562.0,48143.0
06037702202,3920,141071,06,037,702202,"Los Angeles County, California",414.0,31491.0
06037702300,6820,114915,06,037,702300,"Los Angeles County, California",744.0,33717.0
06037702400,4541,129911,06,037,702400,"Los Angeles County, California",537.0,28270.0
06037702501,4998,136688,06,037,702501,"Los Angeles County, California",518.0,46763.0
06037702502,4142,109231,06,037,702502,"Los Angeles County, California",498.0,27447.0
06037702600,6688,161016,06,037,702600,"Los Angeles County, California",588.0,35582.0
06037702700,3460,149674,06,037,702700,"Los Angeles County, California",471.0,52371.0
06037702801,5359,105781,06,037,702801,"Los Angeles County, California",1050.0,37597.0
06037702802,2293,104185,06,037,702802,"Los Angeles County, California",346.0,8450.0
06037702803,2749,111927,06,037,702803,"Los Angeles County, California",355.0,26728.0
06037702900,10274,135584,06,037,702900,"Los Angeles County, California",1385.0,12731.0
06037703002,6903,156776,06,037,703002,"Los Angeles County, California",904.0,35354.0
06037703003,6127,93120,06,037,703003,"Los Angeles County, California",654.0,6593.0
06037703100,6444,121662,06,037,703100,"Los Angeles County, California",845.0,13683.0
06037703200,5555,92796,06,037,703200,"Los Angeles County, California",901.0,30599.0
06037800101,5734,186964,06,037,800101,"Los Angeles County, California",553.0,26185.0
06037800103,3416,134120,06,037,800103,"Los Angeles County, California",1156.0,16653.0
06037800104,3665,139388,06,037,800104,"Los Angeles County, California",725.0,47301.0
06037800202,6121,230313,06,037,800202,"Los Angeles County, California",721.0,44967.0
06037800204,4086,164833,06,037,800204,"Los Angeles County, California",487.0,56014.0
06037800205,4036,117230,06,037,800205,"Los Angeles County, California",412.0,8710.0
06037800206,3604,250001,06,037,800206,"Los Angeles County, California",555.0,
06037800324,6585,154288,06,037,800324,"Los Angeles County, California",752.0,24556.0
06037800325,3677,165743,06,037,800325,"Los Angeles County, California",492.0,42527.0
06037800328,1217,250001,06,037,800328,"Los Angeles County, California",255.0,
06037800333,2196,106625,06,037,800333,"Los Angeles County, California",302.0,31293.0
06037800334,3749,172500,06,037,800334,"Los Angeles County, California",665.0,47432.0
06037800335,4475,133235,06,037,800335,"Los Angeles County, California",491.0,39120.0
06037800336,3893,220938,06,037,800336,"Los Angeles County, California",1086.0,40219.0
06037800337,3771,100813,06,037,800337,"Los Angeles County, California",421.0,38784.0
06037800338,6471,198889,06,037,800338,"Los Angeles County, California",788.0,22957.0
06037800406,2167,168409,06,037,800406,"Los Angeles County, California",443.0,65937.0
06037800410,3527,139500,06,037,800410,"Los Angeles County, California",178.0,69056.0
06037800411,2740,191154,06,037,800411,"Los Angeles County, California",668.0,61578.0
06037800412,3682,152000,06,037,800412,"Los Angeles County, California",639.0,77019.0
06037800504,1890,193504,06,037,800504,"Los Angeles County, California",337.0,22126.0
06037800506,3393,238177,06,037,800506,"Los Angeles County, California",614.0,82745.0
06037900102,782,45982,06,037,900102,"Los Angeles County, California",210.0,8556.0
06037900103,6514,59434,06,037,900103,"Los Angeles County, California",1046.0,7299.0
06037900104,6593,57970,06,037,900104,"Los Angeles County, California",801.0,3181.0
06037900301,4439,62821,06,037,900301,"Los Angeles County, California",702.0,16116.0
06037900501,7939,75368,06,037,900501,"Los Angeles County, California",984.0,12864.0
06037900504,7051,85559,06,037,900504,"Los Angeles County, California",699.0,7037.0
06037900505,4587,77930,06,037,900505,"Los Angeles County, California",689.0,16362.0
06037900506,5095,77021,06,037,900506,"Los Angeles County, California",627.0,10142.0
06037900508,3831,88417,06,037,900508,"Los Angeles County, California",407.0,12672.0
06037900509,4480,60609,06,037,900509,"Los Angeles County, California",714.0,12485.0
06037900510,3960,51172,06,037,900510,"Los Angeles County, California",767.0,18849.0
06037900602,5463,48697,06,037,900602,"Los Angeles County, California",639.0,4178.0
06037900606,4580,43598,06,037,900606,"Los Angeles County, California",1047.0,2655.0
06037900607,3998,62311,06,037,900607,"Los Angeles County, California",1163.0,13659.0
06037900608,4229,73087,06,037,900608,"Los Angeles County, California",746.0,24584.0
06037900609,5186,56000,06,037,900609,"Los Angeles County, California",683.0,29209.0
06037900610,3207,27624,06,037,900610,"Los Angeles County, California",531.0,2772.0
06037900611,4808,84828,06,037,900611,"Los Angeles County, California",927.0,10536.0
06037900701,4436,49309,06,037,900701,"Los Angeles County, California",550.0,9433.0
06037900703,5363,62997,06,037,900703,"Los Angeles County, California",995.0,11655.0
06037900704,3343,52446,06,037,900704,"Los Angeles County, California",499.0,14290.0
06037900705,4145,56250,06,037,900705,"Los Angeles County, California",831.0,8912.0
06037900804,3877,48281,06,037,900804,"Los Angeles County, California",601.0,12158.0
06037900805,5629,90678,06,037,900805,"Los Angeles County, California",1095.0,14440.0
06037900806,4274,24502,06,037,900806,"Los Angeles County, California",592.0,4959.0
06037900807,3859,75319,06,037,900807,"Los Angeles County, California",748.0,20177.0
06037900808,5369,67409,06,037,900808,"Los Angeles County, California",1658.0,28374.0
06037900901,3033,49345,06,037,900901,"Los Angeles County, California",693.0,19691.0
06037900902,1397,58750,06,037,900902,"Los Angeles County, California",231.0,23045.0
06037901003,3658,,06,037,901003,"Los Angeles County, California",107.0,
06037901007,2254,96450,06,037,901007,"Los Angeles County, California",272.0,19554.0
06037901008,3365,88468,06,037,901008,"Los Angeles County, California",525.0,17810.0
06037901009,5550,93715,06,037,901009,"Los Angeles County, California",590.0,6966.0
06037901010,5521,74063,06,037,901010,"Los Angeles County, California",652.0,9295.0
06037901011,5363,82551,06,037,901011,"Los Angeles County, California",582.0,19751.0
06037901012,6806,116860,06,037,901012,"Los Angeles County, California",1357.0,13490.0
06037901013,3613,123306,06,037,901013,"Los Angeles County, California",796.0,28112.0
06037901014,5272,117109,06,037,901014,"Los Angeles County, California",763.0,27198.0
06037901101,5375,90387,06,037,901101,"Los Angeles County, California",902.0,12578.0
06037901102,5244,92130,06,037,901102,"Los Angeles County, California",643.0,16124.0
06037901209,989,77969,06,037,901209,"Los Angeles County, California",174.0,29388.0
06037901210,1714,101042,06,037,901210,"Los Angeles County, California",323.0,20531.0
06037901214,4926,104701,06,037,901214,"Los Angeles County, California",1040.0,17432.0
06037901215,3638,53833,06,037,901215,"Los Angeles County, California",361.0,27340.0
06037901216,2473,109018,06,037,901216,"Los Angeles County, California",936.0,17734.0
06037901217,1533,115278,06,037,901217,"Los Angeles County, California",304.0,23506.0
06037901218,2424,190417,06,037,901218,"Los Angeles County, California",464.0,54438.0
06037901300,2206,67984,06,037,901300,"Los Angeles County, California",698.0,20927.0
06037910002,7240,60417,06,037,910002,"Los Angeles County, California",1433.0,18655.0
06037910210,7665,125031,06,037,910210,"Los Angeles County, California",1147.0,4577.0
06037910211,1677,224444,06,037,910211,"Los Angeles County, California",430.0,32430.0
06037910212,3143,110673,06,037,910212,"Los Angeles County, California",503.0,43391.0
06037910213,1530,127202,06,037,910213,"Los Angeles County, California",471.0,27268.0
06037910214,5499,113300,06,037,910214,"Los Angeles County, California",343.0,19836.0
06037910215,6659,91648,06,037,910215,"Los Angeles County, California",865.0,16547.0
06037910216,5257,130385,06,037,910216,"Los Angeles County, California",1127.0,42473.0
06037910217,5356,106000,06,037,910217,"Los Angeles County, California",557.0,19076.0
06037910218,4591,76603,06,037,910218,"Los Angeles County, California",458.0,11895.0
06037910301,4332,125242,06,037,910301,"Los Angeles County, California",685.0,29867.0
06037910302,6138,104932,06,037,910302,"Los Angeles County, California",871.0,23201.0
06037910401,6096,83277,06,037,910401,"Los Angeles County, California",896.0,13825.0
06037910404,4863,68301,06,037,910404,"Los Angeles County, California",713.0,8766.0
06037910405,5882,41047,06,037,910405,"Los Angeles County, California",554.0,8346.0
06037910501,5460,29310,06,037,910501,"Los Angeles County, California",630.0,8727.0
06037910502,4875,50303,06,037,910502,"Los Angeles County, California",629.0,20848.0
06037910504,4363,62207,06,037,910504,"Los Angeles County, California",587.0,12695.0
06037910505,3251,70665,06,037,910505,"Los Angeles County, California",445.0,19873.0
06037910601,6449,64805,06,037,910601,"Los Angeles County, California",754.0,23153.0
06037910602,4867,48032,06,037,910602,"Los Angeles County, California",649.0,12518.0
06037910605,5376,60000,06,037,910605,"Los Angeles County, California",670.0,16420.0
06037910606,3209,75402,06,037,910606,"Los Angeles County, California",449.0,12868.0
06037910607,4233,69375,06,037,910607,"Los Angeles County, California",647.0,19245.0
06037910608,3636,65647,06,037,910608,"Los Angeles County, California",733.0,9005.0
06037910706,6888,91641,06,037,910706,"Los Angeles County, California",807.0,18218.0
06037910707,5101,74096,06,037,910707,"Los Angeles County, California",472.0,16676.0
06037910709,1660,106429,06,037,910709,"Los Angeles County, California",205.0,23242.0
06037910712,3322,90147,06,037,910712,"Los Angeles County, California",660.0,21041.0
06037910713,7172,87877,06,037,910713,"Los Angeles County, California",954.0,10588.0
06037910714,4116,76786,06,037,910714,"Los Angeles County, California",422.0,11762.0
06037910715,6538,75469,06,037,910715,"Los Angeles County, California",740.0,10764.0
06037910716,6488,92324,06,037,910716,"Los Angeles County, California",765.0,13110.0
06037910717,2308,91250,06,037,910717,"Los Angeles County, California",500.0,45160.0
06037910718,5308,87238,06,037,910718,"Los Angeles County, California",898.0,14800.0
06037910719,4658,104115,06,037,910719,"Los Angeles County, California",860.0,21722.0
06037910720,5366,75625,06,037,910720,"Los Angeles County, California",1104.0,47621.0
06037910721,3708,48659,06,037,910721,"Los Angeles County, California",1181.0,35433.0
06037910804,2900,128478,06,037,910804,"Los Angeles County, California",474.0,23040.0
06037910807,6142,124688,06,037,910807,"Los Angeles County, California",751.0,22274.0
06037910808,3836,105208,06,037,910808,"Los Angeles County, California",879.0,26642.0
06037910809,2219,166591,06,037,910809,"Los Angeles County, California",424.0,29313.0
06037910810,2927,172426,06,037,910810,"Los Angeles County, California",598.0,58805.0
06037910814,3434,114472,06,037,910814,"Los Angeles County, California",496.0,18606.0
06037910815,5272,110982,06,037,910815,"Los Angeles County, California",747.0,27226.0
06037911001,3658,79111,06,037,911001,"Los Angeles County, California",673.0,14269.0
06037911100,7316,65135,06,037,911100,"Los Angeles County, California",905.0,6048.0
06037920013,8039,134023,06,037,920013,"Los Angeles County, California",820.0,33725.0
06037920015,6443,185651,06,037,920015,"Los Angeles County, California",823.0,22387.0
06037920016,4901,170463,06,037,920016,"Los Angeles County, California",1140.0,43255.0
06037920017,4224,141696,06,037,920017,"Los Angeles County, California",573.0,19883.0
06037920018,2065,143352,06,037,920018,"Los Angeles County, California",258.0,25927.0
06037920020,5655,106172,06,037,920020,"Los Angeles County, California",525.0,21653.0
06037920028,9068,139269,06,037,920028,"Los Angeles County, California",2201.0,30792.0
06037920029,3681,108531,06,037,920029,"Los Angeles County, California",370.0,10688.0
06037920030,5506,112656,06,037,920030,"Los Angeles County, California",496.0,20080.0
06037920031,5924,62428,06,037,920031,"Los Angeles County, California",934.0,18411.0
06037920034,3977,131149,06,037,920034,"Los Angeles County, California",409.0,25654.0
06037920035,8598,102601,06,037,920035,"Los Angeles County, California",1451.0,22348.0
06037920038,3014,68971,06,037,920038,"Los Angeles County, California",369.0,6036.0
06037920039,1677,133214,06,037,920039,"Los Angeles County, California",267.0,19334.0
06037920040,3270,113250,06,037,920040,"Los Angeles County, California",461.0,16627.0
06037920041,2952,116318,06,037,920041,"Los Angeles County, California",390.0,9879.0
06037920042,6583,121813,06,037,920042,"Los Angeles County, California",792.0,37751.0
06037920043,8748,153500,06,037,920043,"Los Angeles County, California",934.0,33645.0
06037920044,2544,105739,06,037,920044,"Los Angeles County, California",316.0,14737.0
06037920045,4492,158571,06,037,920045,"Los Angeles County, California",542.0,42275.0
06037920046,3741,83806,06,037,920046,"Los Angeles County, California",1036.0,16933.0
06037920047,7559,63874,06,037,920047,"Los Angeles County, California",1737.0,7958.0
06037920048,5431,90900,06,037,920048,"Los Angeles County, California",429.0,11863.0
06037920049,5936,165700,06,037,920049,"Los Angeles County, California",724.0,32969.0
06037920050,1040,68125,06,037,920050,"Los Angeles County, California",146.0,32099.0
06037920102,4899,95000,06,037,920102,"Los Angeles County, California",524.0,12332.0
06037920104,2959,147135,06,037,920104,"Los Angeles County, California",418.0,24346.0
06037920106,3761,107065,06,037,920106,"Los Angeles County, California",874.0,16034.0
06037920109,4740,126154,06,037,920109,"Los Angeles County, California",499.0,28618.0
06037920110,3061,147226,06,037,920110,"Los Angeles County, California",418.0,25210.0
06037920111,3092,128529,06,037,920111,"Los Angeles County, California",588.0,23067.0
06037920112,3925,121292,06,037,920112,"Los Angeles County, California",474.0,21002.0
06037920114,5959,121774,06,037,920114,"Los Angeles County, California",1099.0,33685.0
06037920115,4216,101293,06,037,920115,"Los Angeles County, California",634.0,24123.0
06037920116,5171,135792,06,037,920116,"Los Angeles County, California",484.0,22584.0
06037920118,6047,140665,06,037,920118,"Los Angeles County, California",690.0,16714.0
06037920119,1784,175000,06,037,920119,"Los Angeles County, California",200.0,12952.0
06037920120,4283,214150,06,037,920120,"Los Angeles County, California",573.0,33531.0
06037920121,10241,148977,06,037,920121,"Los Angeles County, California",1141.0,17227.0
06037920200,4155,,06,037,920200,"Los Angeles County, California",90.0,
06037920303,1507,128438,06,037,920303,"Los Angeles County, California",254.0,31504.0
06037920312,6363,89410,06,037,920312,"Los Angeles County, California",1616.0,11034.0
06037920313,5487,161429,06,037,920313,"Los Angeles County, California",635.0,32234.0
06037920314,3368,133542,06,037,920314,"Los Angeles County, California",526.0,21263.0
06037920322,2767,127750,06,037,920322,"Los Angeles County, California",324.0,54817.0
06037920326,6464,131750,06,037,920326,"Los Angeles County, California",743.0,35891.0
06037920328,1956,117933,06,037,920328,"Los Angeles County, California",371.0,52705.0
06037920329,6445,107994,06,037,920329,"Los Angeles County, California",1033.0,11920.0
06037920330,3590,101250,06,037,920330,"Los Angeles County, California",372.0,15073.0
06037920331,3764,120368,06,037,920331,"Los Angeles County, California",532.0,9759.0
06037920332,2215,116477,06,037,920332,"Los Angeles County, California",189.0,28799.0
06037920334,6122,98819,06,037,920334,"Los Angeles County, California",569.0,23120.0
06037920338,5651,169155,06,037,920338,"Los Angeles County, California",809.0,21617.0
06037920339,8749,146838,06,037,920339,"Los Angeles County, California",1337.0,40118.0
06037920340,3072,97713,06,037,920340,"Los Angeles County, California",540.0,19578.0
06037920341,3198,62321,06,037,920341,"Los Angeles County, California",468.0,14216.0
06037920342,3175,74107,06,037,920342,"Los Angeles County, California",551.0,34357.0
06037920343,4206,74000,06,037,920343,"Los Angeles County, California",491.0,15325.0
06037930400,1234,96375,06,037,930400,"Los Angeles County, California",210.0,18622.0
06037980001,0,,06,037,980001,"Los Angeles County, California",13.0,
06037980002,0,,06,037,980002,"Los Angeles County, California",13.0,
06037980003,0,,06,037,980003,"Los Angeles County, California",13.0,
06037980004,0,,06,037,980004,"Los Angeles County, California",13.0,
06037980005,0,,06,037,980005,"Los Angeles County, California",13.0,
06037980006,0,,06,037,980006,"Los Angeles County, California",13.0,
06037980007,0,,06,037,980007,"Los Angeles County, California",13.0,
06037980008,110,,06,037,980008,"Los Angeles County, California",156.0,
06037980009,5,,06,037,980009,"Los Angeles County, California",6.0,
06037980010,175,,06,037,980010,"Los Angeles County, California",108.0,
06037980011,145,250001,06,037,980011,"Los Angeles County, California",93.0,
06037980012,27,,06,037,980012,"Los Angeles County, California",1.0,
06037980013,0,,06,037,980013,"Los Angeles County, California",13.0,
06037980014,45,,06,037,980014,"Los Angeles County, California",58.0,
06037980015,1116,64375,06,037,980015,"Los Angeles County, California",172.0,23401.0
06037980016,329,69345,06,037,980016,"Los Angeles County, California",140.0,2742.0
06037980017,1379,,06,037,980017,"Los Angeles County, California",155.0,
06037980018,0,,06,037,980018,"Los Angeles County, California",13.0,
06037980019,79,108125,06,037,980019,"Los Angeles County, California",51.0,83491.0
06037980020,0,,06,037,980020,"Los Angeles County, California",13.0,
06037980021,17,,06,037,980021,"Los Angeles County, California",24.0,
06037980022,0,,06,037,980022,"Los Angeles County, California",13.0,
06037980023,0,,06,037,980023,"Los Angeles County, California",13.0,
06037980024,137,,06,037,980024,"Los Angeles County, California",66.0,
06037980025,411,75208,06,037,980025,"Los Angeles County, California",217.0,32811.0
06037980026,11,,06,037,980026,"Los Angeles County, California",3.0,
06037980028,0,,06,037,980028,"Los Angeles County, California",13.0,
06037980030,0,,06,037,980030,"Los Angeles County, California",13.0,
06037980031,954,,06,037,980031,"Los Angeles County, California",38.0,
06037980033,7,,06,037,980033,"Los Angeles County, California",2.0,
06037980034,0,,06,037,980034,"Los Angeles County, California",13.0,
06037980035,632,66375,06,037,980035,"Los Angeles County, California",167.0,18963.0
06037980036,776,145938,06,037,980036,"Los Angeles County, California",489.0,92092.0
06037980037,0,,06,037,980037,"Los Angeles County, California",13.0,
06037980038,0,,06,037,980038,"Los Angeles County, California",13.0,
06037980039,0,,06,037,980039,"Los Angeles County, California",13.0,
06037990100,0,,06,037,990100,"Los Angeles County, California",13.0,
06037990200,0,,06,037,990200,"Los Angeles County, California",13.0,
06037990300,0,,06,037,990300,"Los Angeles County, California",13.0,
